,"Aglaoapis_tridentata_(Nylander,_1848)","Amegilla_albigena_(Lepeletier,_1841)","Amegilla_garrula_(Rossi,_1790)","Amegilla_quadrifasciata_(de_Villers,_1789)","Andrena_afzeliella_(Kirby,_1802)","Andrena_agilissima_(Scopoli,_1770)","Andrena_alfkenella_Perkins,_1914","Andrena_angustior_(Kirby,_1802)","Andrena_apicata_Smith,_1847","Andrena_argentata_Smith,_1844","Andrena_barbilabris_(Kirby,_1802)","Andrena_bicolor_Fabricius,_1775","Andrena_bimaculata_(Kirby,_1802)","Andrena_bucephala_Stephens,_1846","Andrena_chrysosceles_(Kirby,_1802)","Andrena_cineraria_(Linnaeus,_1758)","Andrena_clarkella_(Kirby,_1802)","Andrena_coitana_(Kirby,_1802)","Andrena_combinata_(Christ,_1791)","Andrena_congruens_Schmiedeknecht,_1884","Andrena_curvungula_Thomson,_1870","Andrena_denticulata_(Kirby,_1802)","Andrena_dorsata_(Kirby,_1802)","Andrena_falsifica_Perkins,_1915","Andrena_flavipes_Panzer,_1799","Andrena_florea_Fabricius,_1793","Andrena_fucata_Smith,_1847","Andrena_fulva_(Müller,_1766)","Andrena_fulvago_(Christ,_1791)","Andrena_fulvata_Stoeckhert,_1930","Andrena_fulvida_Schenck,_1853","Andrena_fuscipes_(Kirby,_1802)","Andrena_gelriae_van_der_Vecht,_1927","Andrena_gravida_Imhoff,_1832","Andrena_haemorrhoa_(Fabricius,_1781)","Andrena_hattorfiana_(Fabricius,_1775)","Andrena_helvola_(Linnaeus,_1758)","Andrena_humilis_Imhoff,_1832","Andrena_intermedia_Thomson,_1870","Andrena_labialis_(Kirby,_1802)","Andrena_labiata_Fabricius,_1781","Andrena_lagopus_Latreille,_1809","Andrena_lapponica_Zetterstedt,_1838","Andrena_lathyri_Alfken,_1899","Andrena_limata_Smith,_1853","Andrena_marginata_Fabricius,_1776","Andrena_minutula_(Kirby,_1802)","Andrena_minutuloides_Perkins,_1914","Andrena_mitis_Schmiedeknecht,_1883","Andrena_morio_Brullé,_1832","Andrena_nana_(Kirby,_1802)","Andrena_nanula_Nylander,_1848","Andrena_nigriceps_(Kirby,_1802)","Andrena_nigroaenea_(Kirby,_1802)","Andrena_nigrospina_Thomson,_1872","Andrena_nitida_(Müller,_1776)","Andrena_nitidiuscula_Schenck,_1853","Andrena_niveata_Friese,_1887","Andrena_nycthemera_Imhoff,_1868","Andrena_ovatula_(Kirby,_1802)","Andrena_pandellei_Pérez,_1895","Andrena_pilipes_Fabricius,_1781","Andrena_praecox_(Scopoli,_1763)","Andrena_propinqua_Schenck,_1853","Andrena_proxima_(Kirby,_1802)","Andrena_rosae_Panzer,_1801","Andrena_ruficrus_Nylander,_1848","Andrena_russula_Lepeletier,_1841","Andrena_schencki_Morawitz,_1866","Andrena_scotica_Perkins,_1917","Andrena_semilaevis_Pérez,_1903","Andrena_strohmella_Stoeckhert,_1928","Andrena_subopaca_Nylander,_1848","Andrena_synadelpha_Perkins,_1914","Andrena_tarsata_Nylander,_1848","Andrena_thoracica_(Fabricius,_1775)","Andrena_tibialis_(Kirby,_1802)","Andrena_trimmerana_(Kirby,_1802)","Andrena_vaga_Panzer,_1799","Andrena_varians_(Kirby,_1802)","Andrena_ventralis_Imhoff,_1832","Andrena_viridescens_Viereck,_1916","Andrena_wilkella_(Kirby,_1802)","Anthidiellum_strigatum_(Panzer,_1805)","Anthidium_manicatum_(Linnaeus,_1758)","Anthidium_oblongatum_(Illiger,_1806)","Anthidium_punctatum_Latreille,_1809","Anthidium_septemspinosum_Lepeletier,_1841","Anthophora_aestivalis_(Panzer,_1801)","Anthophora_bimaculata_(Panzer,_1798)","Anthophora_crinipes_Smith,_1854","Anthophora_furcata_(Panzer,_1798)","Anthophora_plagiata_(Illiger,_1806)","Anthophora_plumipes_(Pallas,_1772)","Anthophora_quadrimaculata_(Panzer,_1798)","Anthophora_retusa_(Linnaeus,_1758)","Apis_mellifera_Linnaeus,_1758","Biastes_truncatus_(Nylander,_1848)","Bombus_alpinus_(Linnaeus,_1758)","Bombus_argillaceus_(Scopoli,_1763)","Bombus_balteatus_Dahlbom,_1832","Bombus_barbutellus_(Kirby,_1802)","Bombus_bohemicus_(Seidl,_1838)","Bombus_campestris_(Panzer,_1801)","Bombus_cingulatus_Wahlberg,_1854","Bombus_confusus_Schenck,_1861","Bombus_consobrinus_Dahlbom,_1832","Bombus_cryptarum_(Fabricius,_1775)","Bombus_distinguendus_Morawitz,_1869","Bombus_flavidus_Eversmann,_1852","Bombus_haematurus_Kriechbaumer,_1870","Bombus_hortorum_(Linnaeus,_1761)","Bombus_humilis_Illiger,_1806","Bombus_hypnorum_(Linnaeus,_1758)","Bombus_jonellus_(Kirby,_1802)","Bombus_lapidarius_(Linnaeus,_1758)","Bombus_lapponicus_(Fabricius,_1793)","Bombus_lucorum_(Linnaeus,_1761)","Bombus_magnus_Vogt,_1911","Bombus_mesomelas_Gerstäcker,_1869","Bombus_monticola_Smith,_1849","Bombus_muscorum_(Linnaeus,_1758)","Bombus_norvegicus_(Sparre-Schneider,_1918)","Bombus_pascuorum_(Scopoli,_1763)","Bombus_pomorum_(Panzer,_1805)","Bombus_pratorum_(Linnaeus,_1761)","Bombus_pyrrhopygus_Friese,_1902","Bombus_quadricolor_(Lepeletier,_1832)","Bombus_ruderarius_(Müller,_1776)","Bombus_ruderatus_(Fabricius,_1775)","Bombus_rupestris_(Fabricius,_1793)","Bombus_schrencki_Morawitz,_1881","Bombus_semenoviellus_Skorikov,_1910","Bombus_sichelii_Radoszkowski,_1860","Bombus_soroeensis_(Fabricius,_1776)","Bombus_sporadicus_Nylander,_1848","Bombus_subterraneus_(Linnaeus,_1758)","Bombus_sylvarum_(Linnaeus,_1761)","Bombus_sylvestris_(Lepeletier,_1832)","Bombus_terrestris_(Linnaeus,_1758)","Bombus_vestalis_(Geoffroy,_1785)","Bombus_veteranus_(Fabricius,_1793)","Bombus_wurflenii_Radoszkowski,_1860","Ceratina_chalybea_Chevrier,_1872","Ceratina_cucurbitina_(Rossi,_1792)","Ceratina_cyanea_(Kirby,_1802)","Chelostoma_campanularum_(Kirby,_1802)","Chelostoma_distinctum_(Stoeckhert,_1929)","Chelostoma_florisomne_(Linnaeus,_1758)","Chelostoma_rapunculi_(Lepeletier,_1841)","Coelioxys_afer_Lepeletier,_1841","Coelioxys_alatus_Förster,_1853","Coelioxys_aurolimbatus_Förster,_1853","Coelioxys_conicus_Linnaeus,_1758","Coelioxys_conoideus_(Illiger,_1806)","Coelioxys_elongatus_Lepeletier,_1841","Coelioxys_inermis_(Kirby,_1802)","Coelioxys_mandibularis_Nylander,_1848","Coelioxys_rufescens_Lepeletier_and_Audinet-Serville,_1825","Colletes_cunicularius_(Linnaeus,_1761)","Colletes_daviesanus_Smith,_1846","Colletes_floralis_Eversmann,_1852","Colletes_fodiens_(Geoffroy,_1785)","Colletes_hederae_Schmidt_and_Westrich,_1993","Colletes_impunctatus_Nylander,_1852","Colletes_marginatus_Smith,_1846","Colletes_similis_Schenck,_1853","Colletes_succinctus_(Linnaeus,_1758)","Dasypoda_argentata_Panzer,_1809","Dasypoda_hirtipes_(Fabricius,_1793)","Dufourea_dentiventris_(Nylander,_1848)","Epeoloides_coecutiens_(Fabricius,_1775)","Epeolus_alpinus_Friese,_1893","Epeolus_cruciger_(Panzer,_1799)","Epeolus_variegatus_(Linnaeus,_1758)","Eucera_longicornis_(Linnaeus,_1758)","Eucera_nigrescens_Pérez,_1879","Halictus_compressus_(Walckenaer,_1802)","Halictus_confusus_Smith,_1853","Halictus_leucaheneus_Ebmer,_1972","Halictus_maculatus_Smith,_1848","Halictus_quadricinctus_(Fabricius,_1776)","Halictus_rubicundus_(Christ,_1791)","Halictus_scabiosae_(Rossi,_1790)","Halictus_sexcinctus_(Fabricius,_1775)","Halictus_simplex_Blüthgen,_1923","Halictus_subauratus_(Rossi,_1792)","Halictus_tumulorum_(Linnaeus,_1758)","Heriades_truncorum_(Linnaeus,_1758)","Hoplitis_adunca_(Panzer,_1798)","Hoplitis_anthocopoides_(Schenck,_1853)","Hoplitis_claviventris_(Thomson,_1872)","Hoplitis_leucomelana_(Kirby,_1802)","Hoplitis_mitis_(Nylander,_1852)","Hoplitis_tridentata_(Dufour_and_Perris,_1840)","Hoplitis_tuberculata_(Nylander,_1848)","Hylaeus_angustatus_(Schenck,_1861)","Hylaeus_annularis_(Kirby,_1802)","Hylaeus_annulatus_(Linnaeus,_1758)","Hylaeus_brevicornis_Nylander,_1852","Hylaeus_cardioscapus_Cockerell,_1924","Hylaeus_clypearis_(Schenck,_1853)","Hylaeus_communis_Nylander,_1852","Hylaeus_confusus_Nylander,_1852","Hylaeus_cornutus_Curtis,_1831","Hylaeus_difformis_(Eversmann,_1852)","Hylaeus_dilatatus_(Kirby,_1802)","Hylaeus_gibbus_Saunders,_1850","Hylaeus_gracilicornis_(Morawitz,_1867)","Hylaeus_gredleri_Förster,_1871","Hylaeus_hyalinatus_Smith,_1842","Hylaeus_incongruus_Förster,_1871","Hylaeus_nigritus_(Fabricius,_1798)","Hylaeus_pectoralis_Förster,_1871","Hylaeus_pictipes_Nylander,_1852","Hylaeus_punctatus_(Brullé,_1832)","Hylaeus_punctulatissimus_Smith,_1842","Hylaeus_rinki_(Górski,_1852)","Hylaeus_signatus_(Panzer,_1798)","Hylaeus_sinuatus_(Schenck,_1853)","Hylaeus_styriacus_Förster,_1871","Hylaeus_variegatus_(Fabricius,_1798)","Lasioglossum_aeratum_(Kirby,_1802)","Lasioglossum_albipes_(Fabricius,_1781)","Lasioglossum_brevicorne_(Schenck,_1869)","Lasioglossum_calceatum_(Scopoli,_1763)","Lasioglossum_costulatum_(Kriechbaumer,_1873)","Lasioglossum_cupromicans_(Pérez,_1903)","Lasioglossum_fratellus_(Pérez,_1903)","Lasioglossum_fulvicorne_(Kirby,_1802)","Lasioglossum_glabriusculum_(Morawitz,_1872)","Lasioglossum_interruptum_(Panzer,_1798)","Lasioglossum_laevigatum_(Kirby,_1802)","Lasioglossum_laticeps_(Schenck,_1869)","Lasioglossum_lativentre_(Schenck,_1853)","Lasioglossum_leucopus_(Kirby,_1802)","Lasioglossum_leucozonium_(Schrank,_1781)","Lasioglossum_lineare_(Schenck,_1869)","Lasioglossum_lucidulum_(Schenck,_1861)","Lasioglossum_majus_(Nylander,_1852)","Lasioglossum_malachurum_(Kirby,_1802)","Lasioglossum_marginatum_(Brullé,_1832)","Lasioglossum_minutissimum_(Kirby,_1802)","Lasioglossum_monstrificum_(Morawitz,_1891)","Lasioglossum_morio_(Fabricius,_1793)","Lasioglossum_nigripes_(Lepeletier,_1841)","Lasioglossum_nitidiusculum_(Kirby,_1802)","Lasioglossum_nitidulum_(Fabricius,_1804)","Lasioglossum_pallens_(Brullé,_1832)","Lasioglossum_parvulum_(Schenck,_1853)","Lasioglossum_pauxillum_(Schenck,_1853)","Lasioglossum_politum_(Schenck,_1853)","Lasioglossum_punctatissimum_(Schenck,_1853)","Lasioglossum_puncticolle_(Morawitz,_1872)","Lasioglossum_quadrinotatulum_(Schenck,_1861)","Lasioglossum_quadrinotatum_(Kirby,_1802)","Lasioglossum_rufitarse_(Zetterstedt,_1838)","Lasioglossum_semilucens_(Alfken,_1914)","Lasioglossum_sexnotatum_(Kirby,_1802)","Lasioglossum_sexstrigatum_(Schenck,_1869)","Lasioglossum_smeathmanellum_(Kirby,_1802)","Lasioglossum_villosulum_(Kirby,_1802)","Lasioglossum_xanthopus_(Kirby,_1802)","Lasioglossum_zonulum_(Smith,_1848)","Lithurgus_chrysurus_Fonscolombe,_1834","Macropis_europaea_Warncke,_1973","Macropis_fulvipes_(Fabricius,_1804)","Megachile_alpicola_Alfken,_1924","Megachile_analis_Nylander,_1852","Megachile_apicalis_Spinola,_1808","Megachile_centuncularis_(Linnaeus,_1758)","Megachile_circumcincta_(Kirby,_1802)","Megachile_ericetorum_Lepeletier,_1841","Megachile_lagopoda_(Linnaeus,_1761)","Megachile_lapponica_Thomson,_1872","Megachile_leachella_Curtis,_1828","Megachile_ligniseca_(Kirby,_1802)","Megachile_maritima_(Kirby,_1802)","Megachile_melanopyga_Costa,_1863","Megachile_nigriventris_Schenck,_1869","Megachile_parietina_(Geoffroy,_1785)","Megachile_pilidens_Alfken,_1924","Megachile_pyrenaea_Pérez,_1890","Megachile_rotundata_(Fabricius,_1787)","Megachile_sculpturalis_Smith,_1853","Megachile_versicolor_Smith,_1844","Megachile_willughbiella_(Kirby,_1802)","Melecta_albifrons_(Forster,_1771)","Melecta_luctuosa_(Scopoli,_1770)","Melitta_haemorrhoidalis_(Fabricius,_1775)","Melitta_leporina_(Panzer,_1799)","Melitta_nigricans_Alfken,_1905","Melitta_tricincta_Kirby,_1802","Nomada_alboguttata_Herrich-Schäffer,_1839","Nomada_argentata_Herrich-Schäffer,_1839","Nomada_armata_Herrich-Schäffer,_1839","Nomada_baccata_Smith,_1844","Nomada_bifasciata_Olivier,_1812","Nomada_conjungens_Herrich-Schäffer,_1839","Nomada_distinguenda_Morawitz,_1874","Nomada_fabriciana_(Linné,_1767)","Nomada_facilis_Schwarz,_1967","Nomada_femoralis_Morawitz,_1869","Nomada_ferruginata_(Linné,_1767)","Nomada_flava_Panzer,_1798","Nomada_flavoguttata_(Kirby,_1802)","Nomada_flavopicta_(Kirby,_1802)","Nomada_fucata_Panzer,_1798","Nomada_fulvicornis_Fabricius,_1793","Nomada_fusca_Schwarz,_1986","Nomada_fuscicornis_Nylander,_1848","Nomada_goodeniana_(Kirby,_1802)","Nomada_guttulata_Schenck,_1861","Nomada_hirtipes_Pérez,_1884","Nomada_integra_Brullé,_1832","Nomada_lathburiana_(Kirby,_1802)","Nomada_leucophthalma_(Kirby,_1802)","Nomada_marshamella_(Kirby,_1802)","Nomada_moeschleri_Alfken,_1913","Nomada_obscura_Zetterstedt,_1838","Nomada_obtusifrons_Nylander,_1848","Nomada_opaca_Alfken,_1913","Nomada_panzeri_Lepeletier,_1841","Nomada_roberjeotiana_Panzer,_1799","Nomada_ruficornis_(Linnaeus,_1758)","Nomada_rufipes_Fabricius,_1793","Nomada_sexfasciata_Panzer,_1799","Nomada_sheppardana_(Kirby,_1802)","Nomada_signata_Jurine,_1807","Nomada_stigma_Fabricius,_1804","Nomada_striata_Fabricius,_1793","Nomada_succincta_Panzer,_1798","Nomada_tormentillae_Alfken,_1901","Nomada_villosa_Thomson,_1870","Nomada_zonata_Panzer,_1798","Osmia_andrenoides_Spinola,_1808","Osmia_aurulenta_(Panzer,_1799)","Osmia_bicolor_(Schrank,_1781)","Osmia_bicornis_(Linnaeus,_1758)","Osmia_brevicornis_(Fabricius,_1798)","Osmia_caerulescens_(Linnaeus,_1758)","Osmia_cornuta_(Latreille,_1805)","Osmia_gallarum_Spinola,_1808","Osmia_inermis_(Zetterstedt,_1838)","Osmia_laticeps_Thomson,_1872","Osmia_leaiana_(Kirby,_1802)","Osmia_nigriventris_(Zetterstedt,_1838)","Osmia_niveata_(Fabricius,_1804)","Osmia_parietina_Curtis,_1828","Osmia_pilicornis_Smith,_1846","Osmia_rufohirta_Latreille,_1811","Osmia_spinulosa_(Kirby,_1802)","Osmia_submicans_Morawitz,_1870","Osmia_uncinata_Gerstäcker,_1869","Osmia_xanthomelana_(Kirby,_1802)","Panurginus_romani_Aurivillius,_1914","Panurgus_banksianus_(Kirby,_1802)","Panurgus_calcaratus_(Scopoli,_1763)","Panurgus_dentipes_Latreille,_1811","Pseudapis_diversipes_(Latreille,_1806)","Pseudoanthidium_nanum_(Mocsáry,_1881)","Rhodanthidium_septemdentatum_(Latreille,_1809)","Rhodanthidium_sticticum_(Fabricius,_1787)","Sphecodes_albilabris_(Fabricius,_1793)","Sphecodes_crassus_Thomson,_1870","Sphecodes_ephippius_(Linné,_1767)","Sphecodes_ferruginatus_Hagens,_1882","Sphecodes_geoffrellus_(Kirby,_1802)","Sphecodes_gibbus_(Linnaeus,_1758)","Sphecodes_hyalinatus_Hagens,_1882","Sphecodes_longulus_Hagens,_1882","Sphecodes_miniatus_Hagens,_1882","Sphecodes_monilicornis_(Kirby,_1802)","Sphecodes_niger_Hagens,_1874","Sphecodes_pellucidus_Smith,_1845","Sphecodes_puncticeps_Thomson,_1870","Sphecodes_reticulatus_Thomson,_1870","Sphecodes_rubicundus_Hagens,_1875","Sphecodes_rufiventris_(Panzer,_1798)","Sphecodes_scabricollis_Wesmael,_1865","Stelis_breviuscula_(Nylander,_1848)","Stelis_minima_Schenck,_1861","Stelis_minuta_Lepeletier_and_Audinet-Serville,_1828","Stelis_ornatula_(Klug,_1808)","Stelis_phaeoptera_(Kirby,_1802)","Stelis_punctulatissima_(Kirby,_1802)","Stelis_signata_(Latreille,_1809)","Tetralonia_malvae_(Rossi,_1790)","Thyreus_orbatus_(Lepeletier,_1841)","Trachusa_byssina_(Panzer,_1798)","Xylocopa_cantabrita_Lepeletier,_1841","Xylocopa_iris_(Christ,_1791)","Xylocopa_valga_Gerstäcker,_1872","Xylocopa_violacea_(Linnaeus,_1758)",mean
Actinidia deliciosa,0.79,0.50,0.53,0.37,0.61,0.62,0.74,0.53,0.67,0.62,0.66,0.80,0.78,0.50,0.62,0.79,0.65,0.56,0.65,0.56,0.64,0.67,0.76,0.73,0.75,0.64,0.59,0.78,0.75,0.53,0.52,0.66,0.69,0.60,0.75,0.82,0.67,0.79,0.45,0.81,0.76,0.59,0.50,0.63,0.58,0.81,0.80,0.76,0.53,0.53,0.66,0.49,0.58,0.79,0.69,0.79,0.71,0.74,0.73,0.68,0.62,0.70,0.70,0.62,0.60,0.77,0.51,0.74,0.57,0.65,0.61,0.59,0.63,0.52,0.49,0.69,0.68,0.77,0.73,0.69,0.67,0.59,0.74,0.79,0.84,0.72,0.74,0.61,0.60,0.76,0.61,0.70,0.66,0.79,0.73,0.76,0.74,0.53,0.17,0.54,0.11,0.79,0.63,0.75,0.14,0.74,0.17,0.56,0.55,0.24,0.44,0.75,0.78,0.73,0.51,0.79,0.15,0.70,0.65,0.46,0.36,0.72,0.46,0.74,0.69,0.73,0.08,0.41,0.76,0.75,0.77,0.22,0.43,0.33,0.59,0.18,0.66,0.79,0.65,0.76,0.79,0.62,0.41,0.62,0.58,0.79,0.67,0.74,0.77,0.70,0.71,0.73,0.69,0.62,0.81,0.70,0.75,0.69,0.65,0.81,0.73,0.42,0.68,0.61,0.34,0.78,0.77,0.72,0.71,0.81,0.51,0.72,0.33,0.77,0.77,0.75,0.65,0.67,0.69,0.75,0.81,0.71,0.71,0.68,0.77,0.61,0.70,0.72,0.76,0.73,0.76,0.60,0.71,0.61,0.59,0.31,0.60,0.76,0.35,0.73,0.20,0.54,0.73,0.66,0.66,0.68,0.70,0.72,0.44,0.64,0.78,0.53,0.74,0.74,0.74,0.62,0.64,0.51,0.68,0.72,0.68,0.65,0.65,0.63,0.75,0.72,0.60,0.36,0.47,0.65,0.64,0.66,0.63,0.68,0.62,0.58,0.82,0.67,0.60,0.58,0.63,0.64,0.65,0.70,0.77,0.55,0.71,0.60,0.50,0.60,0.75,0.66,0.77,0.65,0.63,0.64,0.54,0.61,0.71,0.63,0.46,0.77,0.64,0.76,0.55,0.72,0.63,0.51,0.43,0.59,0.83,0.63,0.76,0.77,0.46,0.77,0.66,0.81,0.54,0.49,0.55,0.63,0.53,0.74,0.57,0.73,0.74,0.76,0.67,0.66,0.83,0.66,0.71,0.64,0.76,0.75,0.74,0.60,0.63,0.69,0.73,0.64,0.62,0.77,0.63,0.71,0.72,0.69,0.76,0.29,0.65,0.77,0.66,0.55,0.64,0.73,0.63,0.68,0.50,0.47,0.59,0.52,0.61,0.62,0.69,0.66,0.60,0.61,0.60,0.73,0.65,0.72,0.32,0.58,0.67,0.62,0.75,0.82,0.85,0.69,0.82,0.74,0.51,0.37,0.29,0.75,0.27,0.59,0.52,0.63,0.68,0.74,0.49,0.54,0.61,0.18,0.65,0.77,0.53,0.63,0.64,0.51,0.17,0.79,0.63,0.75,0.67,0.60,0.76,0.63,0.74,0.72,0.77,0.68,0.66,0.77,0.80,0.64,0.70,0.65,0.73,0.51,0.57,0.64,0.66,0.80,0.77,0.65,0.64,0.64,0.14,0.54,0.64,0.74,0.64
Brassica napus,0.70,0.53,0.56,0.45,0.50,0.54,0.55,0.39,0.50,0.56,0.63,0.65,0.65,0.35,0.46,0.72,0.61,0.52,0.53,0.47,0.51,0.61,0.56,0.57,0.61,0.51,0.55,0.57,0.59,0.44,0.48,0.58,0.70,0.43,0.73,0.71,0.54,0.64,0.48,0.69,0.64,0.51,0.52,0.50,0.61,0.65,0.68,0.65,0.39,0.53,0.61,0.51,0.48,0.67,0.62,0.64,0.51,0.64,0.60,0.55,0.50,0.58,0.59,0.56,0.45,0.60,0.52,0.66,0.48,0.53,0.55,0.46,0.57,0.37,0.47,0.64,0.53,0.63,0.62,0.49,0.50,0.44,0.64,0.74,0.77,0.63,0.66,0.51,0.47,0.63,0.59,0.61,0.56,0.67,0.61,0.58,0.92,0.55,0.23,0.64,0.18,0.64,0.62,0.69,0.22,0.59,0.24,0.57,0.52,0.32,0.45,0.76,0.69,0.82,0.51,0.80,0.22,0.73,0.54,0.39,0.38,0.61,0.47,0.86,0.59,0.75,0.15,0.44,0.68,0.65,0.65,0.27,0.44,0.30,0.60,0.25,0.58,0.73,0.61,0.87,0.63,0.57,0.44,0.57,0.53,0.63,0.61,0.59,0.67,0.64,0.59,0.60,0.53,0.56,0.70,0.59,0.67,0.60,0.58,0.71,0.62,0.39,0.52,0.45,0.40,0.62,0.65,0.58,0.58,0.67,0.50,0.57,0.37,0.63,0.64,0.66,0.53,0.53,0.57,0.61,0.67,0.58,0.69,0.59,0.64,0.50,0.60,0.64,0.65,0.59,0.60,0.57,0.57,0.52,0.46,0.36,0.60,0.58,0.41,0.65,0.24,0.47,0.66,0.61,0.50,0.56,0.55,0.68,0.47,0.49,0.66,0.52,0.69,0.57,0.57,0.50,0.50,0.48,0.53,0.63,0.53,0.57,0.60,0.59,0.56,0.67,0.50,0.28,0.48,0.59,0.58,0.57,0.47,0.52,0.45,0.54,0.70,0.57,0.52,0.45,0.53,0.62,0.47,0.55,0.65,0.51,0.56,0.46,0.39,0.44,0.58,0.54,0.62,0.53,0.52,0.46,0.51,0.50,0.55,0.50,0.33,0.65,0.48,0.65,0.54,0.59,0.55,0.48,0.41,0.62,0.66,0.61,0.62,0.69,0.46,0.62,0.58,0.62,0.57,0.52,0.56,0.54,0.53,0.66,0.53,0.63,0.66,0.57,0.50,0.57,0.67,0.49,0.53,0.57,0.56,0.63,0.62,0.45,0.48,0.63,0.56,0.50,0.54,0.58,0.45,0.65,0.57,0.51,0.58,0.33,0.59,0.59,0.50,0.39,0.56,0.62,0.57,0.57,0.49,0.49,0.52,0.51,0.60,0.57,0.61,0.58,0.49,0.43,0.42,0.58,0.57,0.60,0.36,0.46,0.49,0.60,0.59,0.64,0.74,0.56,0.67,0.67,0.45,0.42,0.33,0.63,0.33,0.50,0.54,0.51,0.57,0.56,0.46,0.54,0.53,0.24,0.50,0.73,0.44,0.69,0.51,0.53,0.22,0.70,0.59,0.60,0.62,0.55,0.71,0.60,0.60,0.57,0.66,0.50,0.60,0.61,0.62,0.47,0.58,0.49,0.64,0.52,0.56,0.58,0.59,0.67,0.72,0.60,0.51,0.59,0.22,0.62,0.72,0.73,0.56
Brassica nigra,0.54,0.67,0.63,0.57,0.70,0.71,0.59,0.56,0.57,0.44,0.43,0.62,0.67,0.51,0.61,0.52,0.40,0.36,0.65,0.45,0.59,0.42,0.67,0.49,0.77,0.75,0.38,0.64,0.60,0.55,0.34,0.44,0.46,0.58,0.50,0.58,0.47,0.62,0.28,0.67,0.62,0.72,0.30,0.47,0.71,0.56,0.61,0.50,0.51,0.74,0.69,0.32,0.42,0.59,0.50,0.59,0.59,0.73,0.52,0.73,0.67,0.78,0.48,0.73,0.56,0.62,0.31,0.61,0.58,0.48,0.40,0.55,0.40,0.52,0.31,0.76,0.50,0.63,0.48,0.54,0.52,0.52,0.50,0.59,0.65,0.68,0.54,0.58,0.57,0.68,0.64,0.46,0.52,0.73,0.53,0.67,0.60,0.32,0.08,0.50,0.04,0.55,0.39,0.49,0.05,0.54,0.07,0.35,0.35,0.12,0.35,0.49,0.53,0.50,0.31,0.52,0.06,0.45,0.48,0.45,0.24,0.51,0.29,0.52,0.53,0.48,0.03,0.24,0.51,0.75,0.49,0.07,0.22,0.31,0.38,0.06,0.46,0.53,0.43,0.62,0.69,0.42,0.26,0.68,0.73,0.64,0.47,0.59,0.53,0.49,0.72,0.47,0.63,0.42,0.56,0.47,0.51,0.43,0.45,0.56,0.50,0.25,0.63,0.66,0.19,0.51,0.57,0.53,0.71,0.58,0.34,0.49,0.16,0.57,0.52,0.53,0.70,0.60,0.51,0.51,0.63,0.73,0.46,0.76,0.58,0.60,0.70,0.47,0.54,0.64,0.62,0.42,0.54,0.49,0.63,0.16,0.44,0.69,0.19,0.50,0.06,0.67,0.49,0.44,0.67,0.49,0.55,0.57,0.24,0.61,0.53,0.37,0.50,0.52,0.63,0.64,0.64,0.33,0.68,0.51,0.50,0.77,0.46,0.41,0.65,0.49,0.59,0.32,0.28,0.45,0.69,0.71,0.62,0.59,0.58,0.38,0.59,0.63,0.42,0.60,0.75,0.65,0.66,0.53,0.55,0.67,0.50,0.57,0.58,0.54,0.69,0.63,0.58,0.69,0.43,0.54,0.34,0.44,0.69,0.44,0.47,0.56,0.66,0.56,0.71,0.52,0.40,0.33,0.30,0.62,0.61,0.43,0.70,0.60,0.31,0.71,0.46,0.69,0.63,0.30,0.63,0.72,0.38,0.56,0.59,0.49,0.50,0.69,0.65,0.47,0.59,0.64,0.64,0.45,0.57,0.53,0.53,0.62,0.55,0.65,0.59,0.59,0.69,0.56,0.58,0.47,0.53,0.62,0.58,0.14,0.41,0.56,0.55,0.54,0.65,0.51,0.42,0.48,0.27,0.28,0.41,0.32,0.40,0.42,0.46,0.46,0.69,0.59,0.56,0.56,0.45,0.72,0.18,0.42,0.62,0.71,0.72,0.59,0.61,0.66,0.64,0.74,0.60,0.20,0.14,0.55,0.12,0.68,0.33,0.44,0.70,0.67,0.62,0.35,0.55,0.06,0.54,0.53,0.67,0.71,0.58,0.62,0.32,0.56,0.43,0.53,0.45,0.39,0.56,0.41,0.52,0.52,0.54,0.56,0.44,0.65,0.59,0.62,0.57,0.55,0.53,0.32,0.37,0.45,0.46,0.58,0.68,0.61,0.58,0.41,0.30,0.72,0.57,0.75,0.52
Castanea_sativa_Mill,0.69,0.61,0.63,0.51,0.58,0.63,0.61,0.45,0.56,0.52,0.59,0.70,0.72,0.41,0.52,0.70,0.56,0.48,0.60,0.51,0.57,0.57,0.63,0.61,0.71,0.59,0.51,0.65,0.63,0.50,0.44,0.55,0.64,0.50,0.69,0.72,0.55,0.69,0.42,0.74,0.68,0.60,0.46,0.52,0.70,0.68,0.73,0.63,0.44,0.62,0.70,0.46,0.47,0.69,0.58,0.66,0.58,0.72,0.59,0.64,0.58,0.67,0.57,0.65,0.51,0.65,0.46,0.71,0.53,0.54,0.52,0.51,0.54,0.42,0.43,0.72,0.55,0.67,0.59,0.54,0.54,0.49,0.63,0.74,0.81,0.71,0.65,0.56,0.54,0.69,0.67,0.59,0.57,0.76,0.60,0.63,0.86,0.49,0.18,0.65,0.12,0.67,0.56,0.66,0.15,0.61,0.17,0.51,0.47,0.25,0.46,0.71,0.70,0.75,0.46,0.76,0.16,0.67,0.55,0.43,0.35,0.60,0.41,0.78,0.60,0.71,0.10,0.38,0.66,0.74,0.64,0.18,0.36,0.32,0.55,0.18,0.56,0.71,0.57,0.86,0.70,0.52,0.40,0.65,0.61,0.68,0.58,0.63,0.66,0.60,0.67,0.58,0.59,0.53,0.67,0.58,0.65,0.57,0.55,0.70,0.60,0.36,0.57,0.52,0.32,0.62,0.65,0.60,0.65,0.67,0.46,0.56,0.30,0.65,0.63,0.64,0.61,0.60,0.56,0.62,0.71,0.67,0.64,0.70,0.67,0.56,0.68,0.61,0.64,0.66,0.66,0.53,0.59,0.56,0.52,0.29,0.57,0.65,0.33,0.63,0.17,0.54,0.63,0.58,0.57,0.58,0.57,0.65,0.39,0.56,0.67,0.48,0.64,0.58,0.62,0.58,0.57,0.44,0.59,0.64,0.57,0.66,0.61,0.55,0.62,0.64,0.57,0.31,0.43,0.55,0.66,0.66,0.53,0.58,0.51,0.50,0.71,0.64,0.49,0.51,0.61,0.69,0.54,0.59,0.66,0.58,0.57,0.52,0.45,0.50,0.65,0.61,0.65,0.60,0.50,0.49,0.47,0.50,0.61,0.51,0.38,0.66,0.55,0.65,0.63,0.59,0.51,0.44,0.37,0.69,0.71,0.56,0.69,0.71,0.41,0.70,0.55,0.69,0.63,0.45,0.64,0.62,0.48,0.64,0.60,0.62,0.64,0.65,0.58,0.56,0.68,0.55,0.59,0.53,0.62,0.62,0.60,0.51,0.54,0.69,0.61,0.55,0.61,0.60,0.52,0.62,0.57,0.57,0.62,0.26,0.53,0.61,0.54,0.45,0.62,0.60,0.53,0.57,0.42,0.42,0.51,0.46,0.55,0.54,0.59,0.56,0.56,0.50,0.48,0.61,0.54,0.68,0.30,0.47,0.56,0.69,0.68,0.67,0.77,0.64,0.73,0.75,0.51,0.35,0.26,0.63,0.25,0.57,0.48,0.51,0.66,0.63,0.53,0.48,0.58,0.16,0.55,0.70,0.51,0.77,0.58,0.61,0.26,0.69,0.54,0.63,0.59,0.52,0.69,0.56,0.59,0.56,0.66,0.56,0.56,0.68,0.65,0.53,0.63,0.55,0.62,0.45,0.49,0.54,0.54,0.67,0.75,0.64,0.57,0.55,0.26,0.67,0.72,0.84,0.57
Citrullus lanatus,0.68,0.56,0.58,0.49,0.50,0.56,0.54,0.37,0.48,0.51,0.56,0.62,0.65,0.34,0.44,0.66,0.53,0.45,0.53,0.46,0.51,0.54,0.55,0.53,0.63,0.52,0.48,0.56,0.56,0.43,0.44,0.52,0.65,0.43,0.66,0.68,0.49,0.61,0.43,0.69,0.62,0.53,0.44,0.48,0.64,0.61,0.65,0.61,0.39,0.57,0.61,0.46,0.44,0.63,0.58,0.62,0.50,0.65,0.57,0.55,0.51,0.60,0.54,0.57,0.45,0.59,0.44,0.63,0.48,0.48,0.48,0.45,0.51,0.35,0.40,0.65,0.50,0.60,0.58,0.47,0.50,0.44,0.58,0.72,0.74,0.64,0.63,0.52,0.47,0.64,0.62,0.55,0.52,0.67,0.57,0.57,0.88,0.50,0.19,0.67,0.13,0.61,0.54,0.62,0.17,0.58,0.19,0.49,0.45,0.27,0.49,0.68,0.65,0.74,0.44,0.74,0.17,0.65,0.49,0.37,0.32,0.57,0.41,0.78,0.59,0.67,0.11,0.38,0.62,0.65,0.59,0.24,0.40,0.28,0.52,0.20,0.53,0.68,0.54,0.82,0.61,0.52,0.39,0.58,0.55,0.62,0.55,0.59,0.62,0.59,0.61,0.58,0.53,0.51,0.64,0.54,0.62,0.56,0.53,0.67,0.57,0.34,0.49,0.44,0.34,0.59,0.61,0.54,0.58,0.64,0.45,0.55,0.32,0.60,0.61,0.61,0.54,0.53,0.53,0.59,0.66,0.60,0.61,0.61,0.64,0.50,0.62,0.58,0.61,0.59,0.59,0.51,0.55,0.49,0.45,0.31,0.56,0.57,0.34,0.60,0.21,0.47,0.60,0.54,0.50,0.54,0.51,0.64,0.43,0.49,0.61,0.47,0.64,0.54,0.57,0.51,0.50,0.43,0.52,0.62,0.52,0.58,0.57,0.52,0.54,0.60,0.50,0.25,0.41,0.52,0.59,0.59,0.45,0.52,0.42,0.46,0.67,0.58,0.49,0.44,0.53,0.65,0.46,0.54,0.60,0.52,0.52,0.45,0.39,0.43,0.57,0.55,0.59,0.52,0.49,0.44,0.44,0.47,0.55,0.47,0.31,0.60,0.47,0.61,0.57,0.56,0.52,0.44,0.36,0.66,0.63,0.54,0.63,0.67,0.41,0.62,0.53,0.62,0.57,0.46,0.59,0.55,0.47,0.64,0.55,0.58,0.60,0.57,0.50,0.53,0.64,0.49,0.52,0.53,0.54,0.59,0.57,0.45,0.46,0.65,0.53,0.47,0.54,0.55,0.43,0.58,0.53,0.50,0.55,0.28,0.54,0.55,0.47,0.38,0.55,0.56,0.50,0.51,0.45,0.43,0.47,0.47,0.52,0.51,0.54,0.52,0.49,0.42,0.40,0.56,0.50,0.60,0.31,0.43,0.49,0.63,0.59,0.62,0.70,0.57,0.66,0.70,0.44,0.36,0.29,0.58,0.27,0.50,0.46,0.48,0.59,0.54,0.46,0.47,0.50,0.19,0.47,0.69,0.43,0.73,0.52,0.56,0.25,0.67,0.52,0.56,0.56,0.48,0.66,0.53,0.56,0.53,0.61,0.48,0.54,0.60,0.60,0.46,0.59,0.47,0.60,0.47,0.50,0.52,0.53,0.63,0.71,0.63,0.50,0.55,0.25,0.66,0.75,0.76,0.53
Cucumis melo,0.69,0.58,0.60,0.51,0.53,0.58,0.55,0.39,0.49,0.52,0.56,0.63,0.67,0.35,0.46,0.66,0.53,0.45,0.54,0.46,0.53,0.55,0.57,0.54,0.65,0.54,0.48,0.57,0.58,0.45,0.44,0.52,0.65,0.45,0.66,0.69,0.51,0.63,0.43,0.71,0.65,0.54,0.43,0.49,0.66,0.63,0.67,0.61,0.40,0.59,0.63,0.47,0.45,0.65,0.59,0.63,0.51,0.67,0.58,0.57,0.52,0.63,0.54,0.59,0.46,0.60,0.44,0.64,0.48,0.50,0.49,0.46,0.51,0.36,0.40,0.67,0.51,0.61,0.59,0.49,0.51,0.45,0.59,0.73,0.76,0.66,0.64,0.52,0.49,0.66,0.64,0.56,0.54,0.69,0.58,0.59,0.87,0.50,0.18,0.66,0.13,0.62,0.54,0.62,0.16,0.59,0.18,0.49,0.46,0.26,0.48,0.68,0.66,0.73,0.44,0.73,0.17,0.65,0.50,0.38,0.31,0.58,0.41,0.77,0.59,0.67,0.11,0.38,0.63,0.67,0.60,0.22,0.40,0.29,0.52,0.19,0.53,0.69,0.54,0.83,0.63,0.53,0.39,0.60,0.57,0.64,0.56,0.60,0.63,0.60,0.63,0.58,0.55,0.52,0.65,0.55,0.62,0.56,0.54,0.67,0.58,0.35,0.51,0.46,0.33,0.60,0.62,0.56,0.61,0.66,0.45,0.55,0.32,0.61,0.62,0.62,0.56,0.55,0.54,0.60,0.67,0.62,0.61,0.63,0.64,0.51,0.63,0.58,0.62,0.61,0.61,0.51,0.56,0.51,0.46,0.30,0.57,0.59,0.34,0.60,0.20,0.49,0.61,0.55,0.51,0.55,0.53,0.66,0.43,0.51,0.62,0.48,0.64,0.56,0.59,0.53,0.52,0.44,0.54,0.62,0.53,0.61,0.58,0.52,0.56,0.60,0.52,0.25,0.41,0.53,0.61,0.60,0.46,0.53,0.44,0.47,0.68,0.60,0.49,0.45,0.55,0.66,0.49,0.55,0.61,0.54,0.53,0.47,0.40,0.44,0.59,0.56,0.61,0.53,0.50,0.46,0.44,0.48,0.57,0.48,0.32,0.61,0.49,0.62,0.59,0.57,0.52,0.44,0.37,0.66,0.65,0.55,0.65,0.69,0.42,0.65,0.53,0.63,0.59,0.46,0.61,0.58,0.48,0.65,0.56,0.58,0.61,0.58,0.52,0.54,0.65,0.50,0.54,0.53,0.55,0.60,0.58,0.47,0.47,0.66,0.54,0.49,0.55,0.57,0.45,0.59,0.55,0.51,0.57,0.28,0.54,0.57,0.49,0.38,0.57,0.57,0.51,0.52,0.44,0.43,0.47,0.47,0.53,0.52,0.55,0.53,0.51,0.43,0.42,0.58,0.51,0.62,0.31,0.45,0.50,0.65,0.61,0.63,0.72,0.59,0.67,0.72,0.46,0.35,0.28,0.59,0.27,0.52,0.46,0.49,0.61,0.56,0.48,0.47,0.51,0.19,0.48,0.69,0.45,0.74,0.53,0.57,0.26,0.68,0.52,0.57,0.56,0.49,0.66,0.53,0.57,0.54,0.62,0.50,0.55,0.61,0.61,0.47,0.60,0.48,0.61,0.46,0.50,0.53,0.53,0.64,0.73,0.62,0.51,0.55,0.26,0.68,0.73,0.78,0.54
Cucumis sativus,0.69,0.53,0.56,0.46,0.49,0.54,0.54,0.36,0.47,0.54,0.58,0.62,0.65,0.34,0.44,0.68,0.56,0.47,0.52,0.47,0.51,0.57,0.55,0.55,0.61,0.50,0.51,0.56,0.57,0.43,0.47,0.54,0.68,0.44,0.68,0.71,0.51,0.61,0.47,0.69,0.63,0.52,0.47,0.50,0.62,0.63,0.65,0.64,0.39,0.54,0.60,0.50,0.46,0.64,0.59,0.63,0.51,0.64,0.60,0.54,0.51,0.57,0.56,0.55,0.46,0.59,0.47,0.62,0.48,0.48,0.51,0.46,0.54,0.35,0.42,0.62,0.51,0.60,0.61,0.47,0.52,0.45,0.60,0.73,0.75,0.64,0.65,0.52,0.48,0.63,0.62,0.57,0.54,0.66,0.60,0.57,0.89,0.54,0.21,0.67,0.15,0.62,0.57,0.65,0.19,0.61,0.21,0.52,0.49,0.29,0.49,0.71,0.67,0.77,0.47,0.77,0.19,0.68,0.50,0.37,0.34,0.58,0.45,0.81,0.60,0.70,0.13,0.41,0.64,0.64,0.62,0.27,0.43,0.28,0.56,0.23,0.55,0.71,0.56,0.83,0.60,0.56,0.42,0.57,0.53,0.63,0.58,0.60,0.65,0.62,0.61,0.61,0.53,0.54,0.67,0.56,0.64,0.58,0.56,0.69,0.60,0.36,0.48,0.43,0.37,0.61,0.63,0.55,0.57,0.66,0.47,0.57,0.35,0.61,0.64,0.64,0.54,0.54,0.55,0.61,0.67,0.59,0.64,0.60,0.65,0.50,0.62,0.60,0.63,0.59,0.60,0.54,0.56,0.50,0.45,0.34,0.59,0.57,0.38,0.62,0.23,0.45,0.63,0.57,0.49,0.55,0.52,0.66,0.47,0.50,0.63,0.50,0.67,0.56,0.57,0.51,0.50,0.47,0.52,0.64,0.53,0.57,0.58,0.55,0.54,0.62,0.50,0.24,0.44,0.55,0.59,0.58,0.44,0.52,0.42,0.49,0.68,0.58,0.51,0.45,0.52,0.65,0.46,0.55,0.62,0.51,0.53,0.45,0.39,0.43,0.58,0.55,0.59,0.51,0.50,0.44,0.47,0.48,0.55,0.49,0.30,0.61,0.47,0.63,0.55,0.58,0.56,0.47,0.39,0.64,0.63,0.58,0.63,0.67,0.45,0.61,0.56,0.61,0.55,0.50,0.57,0.55,0.50,0.66,0.55,0.59,0.62,0.56,0.51,0.55,0.65,0.49,0.51,0.56,0.54,0.61,0.58,0.45,0.46,0.66,0.53,0.47,0.53,0.57,0.43,0.61,0.55,0.49,0.57,0.30,0.58,0.56,0.48,0.38,0.54,0.59,0.53,0.52,0.48,0.46,0.48,0.50,0.55,0.53,0.57,0.55,0.49,0.42,0.41,0.57,0.53,0.60,0.33,0.46,0.49,0.61,0.58,0.64,0.72,0.57,0.66,0.69,0.43,0.40,0.32,0.60,0.31,0.49,0.50,0.51,0.58,0.54,0.45,0.51,0.50,0.22,0.47,0.72,0.41,0.71,0.52,0.54,0.23,0.70,0.55,0.57,0.59,0.51,0.68,0.56,0.58,0.55,0.62,0.49,0.57,0.59,0.61,0.45,0.60,0.48,0.62,0.50,0.54,0.55,0.56,0.65,0.70,0.63,0.51,0.58,0.22,0.63,0.76,0.73,0.54
Cucurbita maxima,0.69,0.57,0.59,0.49,0.52,0.59,0.58,0.39,0.50,0.52,0.56,0.65,0.68,0.37,0.47,0.67,0.53,0.45,0.55,0.48,0.54,0.55,0.59,0.57,0.66,0.55,0.48,0.60,0.59,0.45,0.44,0.53,0.64,0.47,0.66,0.71,0.52,0.64,0.41,0.71,0.65,0.56,0.43,0.50,0.66,0.65,0.68,0.63,0.41,0.58,0.64,0.46,0.46,0.65,0.58,0.64,0.55,0.69,0.59,0.59,0.54,0.63,0.55,0.59,0.48,0.63,0.43,0.65,0.50,0.49,0.49,0.48,0.51,0.38,0.40,0.67,0.52,0.62,0.60,0.51,0.54,0.47,0.60,0.73,0.78,0.68,0.64,0.55,0.50,0.68,0.65,0.56,0.54,0.71,0.59,0.60,0.88,0.50,0.16,0.67,0.11,0.63,0.54,0.63,0.14,0.61,0.16,0.48,0.46,0.24,0.50,0.68,0.68,0.74,0.43,0.75,0.14,0.65,0.51,0.38,0.31,0.58,0.40,0.78,0.61,0.67,0.09,0.37,0.64,0.69,0.62,0.22,0.39,0.29,0.52,0.17,0.54,0.70,0.54,0.83,0.64,0.52,0.38,0.60,0.57,0.65,0.56,0.62,0.64,0.60,0.64,0.60,0.57,0.52,0.65,0.55,0.63,0.56,0.55,0.69,0.58,0.34,0.52,0.47,0.32,0.62,0.63,0.56,0.61,0.67,0.44,0.57,0.30,0.62,0.64,0.63,0.57,0.56,0.54,0.62,0.69,0.64,0.61,0.65,0.67,0.53,0.66,0.59,0.63,0.62,0.62,0.51,0.57,0.51,0.47,0.29,0.57,0.61,0.32,0.61,0.19,0.49,0.62,0.55,0.53,0.56,0.54,0.64,0.42,0.53,0.63,0.47,0.65,0.57,0.60,0.54,0.53,0.44,0.55,0.64,0.55,0.61,0.59,0.52,0.57,0.60,0.52,0.26,0.40,0.53,0.62,0.62,0.47,0.55,0.45,0.46,0.69,0.61,0.49,0.47,0.56,0.68,0.49,0.56,0.63,0.53,0.54,0.47,0.41,0.46,0.61,0.58,0.61,0.55,0.50,0.47,0.44,0.49,0.58,0.49,0.33,0.62,0.50,0.62,0.59,0.58,0.53,0.44,0.36,0.68,0.66,0.54,0.66,0.68,0.41,0.66,0.54,0.66,0.58,0.45,0.60,0.58,0.47,0.64,0.57,0.59,0.61,0.61,0.54,0.54,0.67,0.52,0.55,0.53,0.57,0.61,0.57,0.49,0.49,0.68,0.56,0.49,0.56,0.58,0.46,0.59,0.55,0.53,0.59,0.26,0.55,0.58,0.50,0.41,0.57,0.58,0.50,0.53,0.44,0.42,0.47,0.46,0.52,0.51,0.55,0.53,0.52,0.45,0.44,0.59,0.51,0.63,0.29,0.46,0.53,0.65,0.63,0.66,0.74,0.60,0.69,0.73,0.46,0.34,0.27,0.60,0.25,0.52,0.46,0.51,0.62,0.58,0.48,0.47,0.52,0.17,0.50,0.71,0.44,0.74,0.55,0.57,0.25,0.69,0.52,0.59,0.57,0.49,0.67,0.53,0.58,0.56,0.62,0.52,0.55,0.63,0.63,0.49,0.62,0.51,0.60,0.46,0.50,0.53,0.53,0.65,0.72,0.66,0.53,0.55,0.25,0.65,0.75,0.78,0.54
Cucurbita pepo,0.69,0.54,0.56,0.46,0.50,0.54,0.55,0.37,0.48,0.54,0.59,0.63,0.65,0.34,0.44,0.68,0.56,0.48,0.52,0.46,0.51,0.57,0.55,0.55,0.61,0.51,0.51,0.56,0.57,0.43,0.46,0.54,0.67,0.43,0.69,0.70,0.51,0.62,0.46,0.69,0.63,0.51,0.47,0.49,0.62,0.63,0.66,0.63,0.39,0.55,0.60,0.49,0.46,0.65,0.60,0.63,0.51,0.64,0.59,0.55,0.50,0.58,0.56,0.56,0.45,0.60,0.47,0.63,0.48,0.50,0.51,0.45,0.54,0.35,0.43,0.63,0.51,0.61,0.61,0.48,0.51,0.44,0.61,0.73,0.75,0.63,0.65,0.51,0.47,0.63,0.61,0.58,0.54,0.66,0.60,0.57,0.90,0.53,0.20,0.66,0.15,0.63,0.57,0.65,0.19,0.59,0.21,0.52,0.49,0.29,0.48,0.71,0.67,0.77,0.47,0.77,0.19,0.68,0.51,0.37,0.34,0.59,0.44,0.81,0.59,0.70,0.13,0.41,0.65,0.65,0.62,0.26,0.42,0.29,0.56,0.22,0.55,0.71,0.57,0.84,0.61,0.55,0.41,0.57,0.53,0.63,0.58,0.60,0.65,0.62,0.60,0.60,0.53,0.54,0.67,0.57,0.65,0.58,0.56,0.69,0.60,0.37,0.50,0.44,0.37,0.61,0.63,0.56,0.58,0.66,0.47,0.57,0.35,0.61,0.63,0.64,0.53,0.53,0.55,0.61,0.67,0.59,0.64,0.60,0.64,0.49,0.61,0.60,0.63,0.59,0.60,0.54,0.56,0.50,0.45,0.34,0.58,0.57,0.37,0.62,0.23,0.46,0.63,0.57,0.49,0.55,0.53,0.66,0.46,0.49,0.63,0.50,0.67,0.56,0.57,0.50,0.49,0.46,0.52,0.63,0.53,0.57,0.58,0.55,0.55,0.63,0.50,0.25,0.44,0.55,0.58,0.58,0.45,0.52,0.43,0.50,0.68,0.58,0.51,0.44,0.52,0.64,0.46,0.55,0.62,0.51,0.54,0.45,0.39,0.43,0.57,0.54,0.60,0.52,0.50,0.45,0.47,0.48,0.54,0.49,0.31,0.62,0.47,0.63,0.55,0.58,0.55,0.46,0.39,0.64,0.64,0.57,0.62,0.68,0.44,0.62,0.55,0.61,0.56,0.49,0.57,0.54,0.50,0.65,0.54,0.60,0.63,0.57,0.50,0.55,0.66,0.49,0.52,0.55,0.55,0.61,0.59,0.45,0.46,0.65,0.53,0.47,0.53,0.57,0.44,0.61,0.55,0.50,0.57,0.30,0.57,0.57,0.48,0.38,0.55,0.59,0.53,0.53,0.47,0.46,0.49,0.49,0.55,0.54,0.57,0.55,0.49,0.42,0.41,0.57,0.53,0.60,0.33,0.45,0.49,0.61,0.59,0.64,0.72,0.56,0.66,0.69,0.44,0.39,0.31,0.61,0.30,0.49,0.50,0.50,0.58,0.54,0.45,0.50,0.50,0.22,0.48,0.71,0.42,0.70,0.51,0.54,0.23,0.70,0.55,0.58,0.59,0.52,0.68,0.56,0.58,0.55,0.63,0.49,0.57,0.60,0.61,0.46,0.59,0.48,0.62,0.49,0.53,0.55,0.56,0.65,0.71,0.62,0.50,0.57,0.23,0.63,0.74,0.74,0.54
Fagopyrum esculentum,0.71,0.50,0.53,0.41,0.48,0.52,0.55,0.38,0.50,0.58,0.65,0.64,0.64,0.35,0.45,0.73,0.62,0.52,0.52,0.48,0.50,0.62,0.56,0.58,0.59,0.49,0.57,0.57,0.59,0.44,0.50,0.59,0.72,0.43,0.74,0.73,0.54,0.63,0.51,0.68,0.64,0.49,0.54,0.51,0.57,0.65,0.67,0.67,0.39,0.50,0.58,0.53,0.48,0.66,0.63,0.65,0.52,0.62,0.62,0.53,0.50,0.55,0.60,0.53,0.46,0.61,0.54,0.65,0.48,0.52,0.56,0.46,0.59,0.37,0.48,0.60,0.53,0.62,0.65,0.49,0.52,0.45,0.65,0.75,0.75,0.62,0.67,0.51,0.47,0.61,0.58,0.62,0.56,0.65,0.63,0.57,0.90,0.57,0.25,0.64,0.19,0.65,0.64,0.70,0.24,0.62,0.25,0.59,0.54,0.35,0.46,0.78,0.71,0.84,0.53,0.83,0.24,0.76,0.53,0.39,0.39,0.61,0.50,0.88,0.61,0.77,0.16,0.45,0.69,0.63,0.66,0.30,0.46,0.30,0.62,0.28,0.59,0.75,0.63,0.84,0.62,0.60,0.46,0.55,0.50,0.63,0.63,0.60,0.69,0.66,0.59,0.63,0.53,0.58,0.71,0.60,0.69,0.62,0.60,0.72,0.64,0.39,0.50,0.44,0.42,0.63,0.66,0.58,0.56,0.69,0.52,0.59,0.39,0.63,0.66,0.67,0.53,0.53,0.58,0.62,0.67,0.57,0.70,0.57,0.66,0.49,0.59,0.65,0.66,0.59,0.60,0.59,0.58,0.52,0.45,0.38,0.61,0.57,0.44,0.66,0.27,0.44,0.67,0.62,0.50,0.56,0.55,0.68,0.50,0.49,0.66,0.54,0.71,0.57,0.57,0.49,0.50,0.50,0.52,0.65,0.54,0.54,0.60,0.60,0.55,0.68,0.50,0.27,0.50,0.60,0.57,0.56,0.46,0.52,0.44,0.55,0.70,0.57,0.55,0.45,0.50,0.61,0.46,0.56,0.65,0.49,0.56,0.46,0.39,0.44,0.58,0.54,0.62,0.51,0.53,0.45,0.52,0.51,0.54,0.51,0.32,0.65,0.47,0.66,0.51,0.61,0.59,0.50,0.43,0.60,0.65,0.63,0.61,0.69,0.49,0.61,0.59,0.61,0.54,0.55,0.53,0.52,0.54,0.68,0.53,0.64,0.67,0.56,0.50,0.58,0.68,0.49,0.52,0.60,0.56,0.64,0.62,0.44,0.48,0.63,0.55,0.49,0.52,0.58,0.45,0.66,0.58,0.50,0.59,0.34,0.62,0.58,0.49,0.39,0.55,0.63,0.58,0.56,0.52,0.52,0.52,0.53,0.62,0.58,0.62,0.59,0.48,0.42,0.42,0.58,0.57,0.59,0.37,0.47,0.50,0.58,0.58,0.66,0.74,0.56,0.67,0.66,0.43,0.45,0.36,0.63,0.36,0.48,0.56,0.52,0.56,0.55,0.44,0.57,0.52,0.26,0.50,0.74,0.42,0.66,0.52,0.51,0.19,0.72,0.61,0.60,0.64,0.57,0.72,0.62,0.61,0.58,0.66,0.50,0.62,0.60,0.62,0.47,0.59,0.49,0.65,0.54,0.58,0.60,0.61,0.67,0.70,0.61,0.51,0.62,0.18,0.58,0.73,0.70,0.56
Fragaria ananassa,0.74,0.47,0.51,0.37,0.50,0.51,0.57,0.38,0.51,0.63,0.70,0.65,0.64,0.35,0.46,0.77,0.68,0.57,0.52,0.49,0.52,0.67,0.57,0.61,0.58,0.49,0.61,0.59,0.62,0.44,0.54,0.63,0.76,0.45,0.79,0.76,0.58,0.64,0.55,0.69,0.65,0.47,0.58,0.55,0.54,0.68,0.68,0.71,0.41,0.46,0.57,0.57,0.52,0.69,0.67,0.68,0.52,0.61,0.65,0.52,0.49,0.54,0.64,0.52,0.47,0.61,0.58,0.64,0.47,0.55,0.60,0.47,0.63,0.38,0.52,0.58,0.57,0.65,0.70,0.51,0.54,0.46,0.69,0.77,0.76,0.61,0.71,0.50,0.48,0.60,0.56,0.67,0.59,0.64,0.67,0.59,0.86,0.61,0.27,0.60,0.21,0.68,0.69,0.74,0.27,0.64,0.28,0.63,0.59,0.37,0.44,0.82,0.74,0.87,0.57,0.87,0.26,0.80,0.56,0.40,0.40,0.64,0.55,0.90,0.62,0.81,0.18,0.49,0.73,0.61,0.71,0.34,0.51,0.31,0.66,0.31,0.64,0.79,0.68,0.83,0.62,0.65,0.47,0.54,0.49,0.65,0.68,0.62,0.73,0.71,0.58,0.67,0.54,0.63,0.75,0.64,0.73,0.66,0.65,0.76,0.69,0.43,0.52,0.44,0.46,0.66,0.69,0.61,0.57,0.73,0.56,0.63,0.43,0.66,0.70,0.71,0.52,0.54,0.63,0.65,0.69,0.57,0.75,0.55,0.67,0.50,0.58,0.69,0.71,0.61,0.62,0.64,0.61,0.55,0.46,0.42,0.64,0.58,0.48,0.70,0.29,0.44,0.72,0.67,0.50,0.59,0.58,0.72,0.54,0.50,0.70,0.58,0.75,0.61,0.59,0.49,0.51,0.54,0.52,0.66,0.56,0.53,0.62,0.65,0.58,0.73,0.50,0.27,0.55,0.65,0.55,0.54,0.47,0.54,0.45,0.60,0.73,0.57,0.59,0.45,0.49,0.59,0.47,0.58,0.69,0.48,0.59,0.48,0.39,0.45,0.58,0.54,0.65,0.50,0.57,0.48,0.57,0.55,0.55,0.55,0.32,0.68,0.48,0.70,0.48,0.65,0.63,0.55,0.47,0.56,0.68,0.68,0.61,0.71,0.53,0.61,0.64,0.62,0.52,0.60,0.50,0.51,0.58,0.71,0.52,0.68,0.72,0.57,0.51,0.62,0.71,0.50,0.54,0.64,0.58,0.67,0.65,0.45,0.49,0.61,0.57,0.51,0.52,0.61,0.46,0.71,0.62,0.51,0.62,0.39,0.67,0.62,0.52,0.39,0.55,0.67,0.63,0.60,0.56,0.57,0.55,0.58,0.67,0.63,0.66,0.63,0.48,0.43,0.43,0.61,0.62,0.59,0.41,0.50,0.51,0.56,0.58,0.69,0.76,0.57,0.69,0.64,0.43,0.50,0.40,0.67,0.40,0.49,0.61,0.56,0.56,0.57,0.43,0.62,0.52,0.29,0.52,0.78,0.42,0.62,0.52,0.48,0.17,0.76,0.65,0.64,0.69,0.61,0.75,0.67,0.64,0.62,0.70,0.52,0.67,0.62,0.65,0.47,0.60,0.50,0.70,0.58,0.63,0.65,0.65,0.70,0.70,0.60,0.52,0.67,0.14,0.54,0.70,0.68,0.58
Fragaria moschata,0.81,0.46,0.51,0.34,0.56,0.56,0.65,0.42,0.61,0.67,0.71,0.72,0.71,0.41,0.55,0.82,0.69,0.59,0.59,0.55,0.60,0.70,0.67,0.70,0.65,0.55,0.63,0.69,0.72,0.52,0.57,0.67,0.79,0.55,0.83,0.85,0.66,0.73,0.54,0.77,0.72,0.52,0.57,0.63,0.54,0.78,0.75,0.78,0.49,0.47,0.60,0.57,0.56,0.76,0.72,0.79,0.62,0.65,0.73,0.59,0.56,0.59,0.70,0.56,0.56,0.68,0.58,0.68,0.52,0.62,0.63,0.56,0.65,0.44,0.53,0.60,0.67,0.71,0.76,0.61,0.63,0.54,0.74,0.80,0.83,0.67,0.76,0.56,0.56,0.65,0.57,0.72,0.67,0.70,0.74,0.68,0.79,0.62,0.24,0.57,0.17,0.76,0.70,0.78,0.22,0.72,0.25,0.63,0.59,0.32,0.45,0.82,0.83,0.81,0.57,0.87,0.22,0.78,0.63,0.45,0.39,0.71,0.54,0.82,0.70,0.81,0.15,0.49,0.79,0.66,0.79,0.29,0.50,0.34,0.67,0.26,0.69,0.87,0.70,0.80,0.69,0.69,0.47,0.58,0.52,0.76,0.73,0.71,0.80,0.75,0.64,0.73,0.61,0.67,0.83,0.71,0.78,0.72,0.69,0.84,0.75,0.44,0.60,0.51,0.43,0.73,0.77,0.67,0.65,0.82,0.58,0.71,0.40,0.74,0.77,0.80,0.59,0.63,0.70,0.74,0.78,0.63,0.77,0.61,0.76,0.57,0.63,0.74,0.78,0.69,0.71,0.66,0.70,0.60,0.55,0.40,0.65,0.67,0.44,0.75,0.26,0.49,0.77,0.70,0.59,0.66,0.68,0.76,0.52,0.59,0.77,0.60,0.80,0.68,0.67,0.56,0.59,0.57,0.61,0.72,0.65,0.59,0.65,0.67,0.67,0.77,0.56,0.31,0.53,0.69,0.59,0.60,0.55,0.63,0.54,0.61,0.81,0.61,0.63,0.54,0.54,0.60,0.56,0.68,0.77,0.51,0.66,0.56,0.46,0.53,0.66,0.61,0.72,0.55,0.64,0.57,0.58,0.61,0.63,0.63,0.37,0.74,0.56,0.78,0.50,0.73,0.66,0.58,0.49,0.54,0.77,0.71,0.69,0.75,0.54,0.68,0.69,0.70,0.51,0.59,0.51,0.57,0.60,0.77,0.56,0.73,0.77,0.65,0.59,0.69,0.80,0.60,0.62,0.69,0.68,0.76,0.73,0.53,0.58,0.63,0.68,0.60,0.57,0.71,0.55,0.75,0.71,0.60,0.71,0.37,0.70,0.72,0.61,0.47,0.61,0.73,0.66,0.67,0.58,0.56,0.59,0.59,0.67,0.66,0.71,0.67,0.55,0.52,0.53,0.71,0.66,0.67,0.40,0.58,0.61,0.58,0.66,0.79,0.83,0.65,0.77,0.70,0.48,0.47,0.36,0.76,0.36,0.55,0.60,0.61,0.62,0.68,0.46,0.62,0.57,0.25,0.61,0.81,0.46,0.61,0.60,0.48,0.14,0.82,0.68,0.72,0.72,0.64,0.78,0.68,0.72,0.70,0.75,0.61,0.71,0.70,0.75,0.55,0.67,0.59,0.76,0.59,0.66,0.69,0.70,0.79,0.75,0.61,0.59,0.71,0.10,0.53,0.68,0.72,0.63
Fragaria viridis,0.79,0.51,0.57,0.40,0.57,0.59,0.60,0.39,0.53,0.58,0.61,0.66,0.74,0.37,0.49,0.72,0.59,0.48,0.60,0.54,0.60,0.60,0.62,0.61,0.64,0.54,0.53,0.64,0.64,0.51,0.51,0.56,0.74,0.53,0.72,0.79,0.55,0.67,0.49,0.75,0.71,0.54,0.48,0.56,0.59,0.69,0.69,0.69,0.46,0.51,0.62,0.50,0.48,0.68,0.63,0.72,0.58,0.66,0.67,0.58,0.59,0.59,0.60,0.59,0.53,0.64,0.49,0.63,0.52,0.51,0.52,0.53,0.55,0.38,0.43,0.61,0.57,0.65,0.69,0.54,0.60,0.53,0.64,0.79,0.78,0.69,0.72,0.57,0.57,0.65,0.63,0.61,0.61,0.69,0.65,0.64,0.81,0.57,0.21,0.67,0.15,0.67,0.60,0.68,0.19,0.69,0.20,0.53,0.50,0.29,0.49,0.73,0.73,0.77,0.47,0.81,0.19,0.70,0.53,0.44,0.33,0.62,0.48,0.80,0.69,0.72,0.13,0.43,0.69,0.66,0.68,0.27,0.45,0.32,0.57,0.22,0.59,0.77,0.59,0.79,0.65,0.62,0.44,0.63,0.56,0.72,0.63,0.69,0.70,0.69,0.67,0.68,0.60,0.58,0.72,0.60,0.68,0.64,0.60,0.75,0.64,0.35,0.55,0.48,0.38,0.65,0.68,0.58,0.65,0.73,0.52,0.64,0.36,0.65,0.71,0.69,0.61,0.63,0.60,0.68,0.77,0.66,0.67,0.63,0.76,0.59,0.68,0.63,0.71,0.69,0.70,0.56,0.65,0.58,0.53,0.35,0.62,0.63,0.40,0.65,0.23,0.51,0.67,0.59,0.56,0.63,0.57,0.71,0.49,0.59,0.67,0.53,0.75,0.60,0.62,0.59,0.58,0.50,0.58,0.72,0.61,0.62,0.64,0.57,0.62,0.66,0.58,0.25,0.45,0.59,0.64,0.63,0.51,0.62,0.48,0.51,0.73,0.65,0.57,0.52,0.53,0.68,0.51,0.62,0.67,0.55,0.56,0.53,0.46,0.48,0.63,0.64,0.63,0.54,0.57,0.50,0.48,0.53,0.61,0.56,0.32,0.65,0.54,0.68,0.57,0.65,0.62,0.51,0.42,0.61,0.68,0.61,0.70,0.71,0.48,0.66,0.59,0.67,0.55,0.54,0.58,0.61,0.54,0.73,0.61,0.63,0.66,0.62,0.59,0.62,0.72,0.57,0.57,0.62,0.60,0.68,0.63,0.52,0.52,0.67,0.59,0.54,0.57,0.62,0.49,0.64,0.60,0.54,0.63,0.31,0.65,0.61,0.54,0.41,0.61,0.62,0.55,0.56,0.52,0.49,0.49,0.54,0.57,0.56,0.60,0.57,0.56,0.47,0.47,0.65,0.55,0.67,0.34,0.52,0.57,0.64,0.64,0.72,0.77,0.66,0.72,0.73,0.49,0.41,0.32,0.65,0.31,0.56,0.51,0.53,0.65,0.62,0.49,0.54,0.53,0.22,0.52,0.75,0.46,0.70,0.62,0.55,0.18,0.78,0.58,0.62,0.62,0.53,0.70,0.58,0.63,0.62,0.65,0.55,0.60,0.64,0.67,0.50,0.69,0.53,0.68,0.53,0.58,0.59,0.59,0.69,0.74,0.67,0.58,0.65,0.15,0.60,0.78,0.75,0.58
Fragaria_vesca,0.68,0.49,0.52,0.41,0.46,0.49,0.52,0.36,0.47,0.56,0.65,0.61,0.61,0.32,0.43,0.70,0.61,0.52,0.49,0.45,0.47,0.60,0.52,0.55,0.56,0.46,0.56,0.53,0.56,0.41,0.48,0.57,0.69,0.40,0.72,0.68,0.52,0.60,0.51,0.65,0.61,0.47,0.55,0.48,0.56,0.62,0.64,0.63,0.36,0.49,0.56,0.52,0.47,0.64,0.60,0.61,0.48,0.59,0.58,0.50,0.46,0.52,0.57,0.51,0.42,0.57,0.54,0.62,0.45,0.50,0.55,0.43,0.57,0.34,0.48,0.59,0.50,0.59,0.61,0.46,0.48,0.41,0.63,0.71,0.72,0.59,0.64,0.48,0.44,0.58,0.55,0.60,0.54,0.61,0.60,0.54,0.87,0.56,0.27,0.62,0.22,0.62,0.63,0.67,0.26,0.57,0.27,0.59,0.54,0.37,0.44,0.76,0.67,0.83,0.54,0.79,0.27,0.75,0.51,0.37,0.40,0.59,0.50,0.86,0.57,0.76,0.19,0.45,0.66,0.60,0.63,0.30,0.45,0.29,0.61,0.30,0.57,0.71,0.62,0.82,0.58,0.58,0.46,0.53,0.48,0.59,0.61,0.56,0.65,0.63,0.55,0.59,0.49,0.56,0.68,0.58,0.66,0.59,0.58,0.68,0.61,0.39,0.48,0.41,0.43,0.59,0.62,0.55,0.53,0.65,0.51,0.56,0.40,0.60,0.62,0.64,0.49,0.50,0.56,0.59,0.63,0.54,0.69,0.54,0.61,0.47,0.55,0.63,0.63,0.56,0.56,0.58,0.54,0.50,0.42,0.39,0.60,0.54,0.45,0.64,0.27,0.42,0.64,0.61,0.46,0.54,0.52,0.66,0.49,0.45,0.63,0.53,0.68,0.54,0.53,0.46,0.46,0.48,0.49,0.61,0.51,0.52,0.58,0.59,0.52,0.66,0.47,0.26,0.51,0.59,0.53,0.53,0.43,0.49,0.41,0.54,0.67,0.54,0.52,0.41,0.48,0.59,0.43,0.52,0.62,0.48,0.53,0.43,0.36,0.41,0.54,0.50,0.59,0.49,0.50,0.43,0.52,0.48,0.51,0.48,0.30,0.62,0.45,0.63,0.50,0.57,0.55,0.49,0.42,0.59,0.62,0.62,0.57,0.66,0.48,0.58,0.57,0.57,0.53,0.55,0.52,0.49,0.53,0.64,0.50,0.61,0.65,0.52,0.46,0.55,0.64,0.45,0.49,0.58,0.53,0.61,0.59,0.41,0.45,0.59,0.52,0.47,0.50,0.55,0.42,0.65,0.55,0.47,0.55,0.35,0.59,0.55,0.47,0.36,0.52,0.60,0.57,0.54,0.50,0.52,0.50,0.52,0.62,0.57,0.60,0.57,0.45,0.39,0.38,0.55,0.56,0.56,0.37,0.44,0.46,0.56,0.55,0.61,0.70,0.53,0.63,0.63,0.41,0.47,0.38,0.61,0.38,0.46,0.57,0.50,0.53,0.52,0.42,0.56,0.50,0.27,0.47,0.71,0.40,0.64,0.48,0.50,0.20,0.68,0.60,0.57,0.63,0.56,0.69,0.61,0.57,0.55,0.64,0.47,0.60,0.57,0.59,0.43,0.56,0.46,0.62,0.52,0.57,0.58,0.59,0.64,0.67,0.57,0.48,0.59,0.20,0.58,0.70,0.67,0.54
Glycine max,0.73,0.46,0.51,0.37,0.47,0.53,0.60,0.37,0.52,0.59,0.63,0.65,0.66,0.37,0.47,0.73,0.61,0.51,0.54,0.51,0.54,0.62,0.60,0.61,0.60,0.49,0.55,0.60,0.61,0.46,0.51,0.58,0.74,0.48,0.73,0.76,0.57,0.65,0.49,0.70,0.65,0.49,0.50,0.55,0.55,0.69,0.67,0.70,0.44,0.47,0.58,0.52,0.49,0.67,0.63,0.68,0.57,0.62,0.67,0.54,0.52,0.55,0.62,0.52,0.50,0.64,0.51,0.62,0.50,0.53,0.55,0.50,0.58,0.38,0.45,0.57,0.57,0.63,0.69,0.53,0.58,0.50,0.65,0.76,0.76,0.64,0.69,0.53,0.51,0.62,0.60,0.64,0.58,0.66,0.64,0.59,0.84,0.59,0.20,0.66,0.15,0.67,0.62,0.71,0.19,0.68,0.21,0.56,0.52,0.29,0.51,0.74,0.73,0.79,0.49,0.82,0.19,0.72,0.55,0.38,0.35,0.64,0.48,0.81,0.67,0.73,0.12,0.44,0.70,0.63,0.69,0.29,0.47,0.31,0.60,0.23,0.60,0.78,0.61,0.79,0.63,0.62,0.44,0.55,0.49,0.66,0.63,0.64,0.70,0.68,0.61,0.70,0.57,0.59,0.73,0.62,0.70,0.65,0.62,0.75,0.66,0.38,0.51,0.45,0.38,0.67,0.68,0.59,0.58,0.71,0.51,0.64,0.37,0.65,0.69,0.69,0.56,0.56,0.61,0.68,0.71,0.58,0.69,0.57,0.70,0.52,0.61,0.65,0.68,0.62,0.63,0.57,0.61,0.53,0.48,0.36,0.61,0.60,0.40,0.67,0.26,0.43,0.69,0.61,0.52,0.60,0.57,0.68,0.51,0.53,0.68,0.53,0.75,0.61,0.59,0.53,0.52,0.51,0.54,0.70,0.59,0.55,0.61,0.59,0.57,0.66,0.52,0.26,0.47,0.60,0.58,0.57,0.47,0.56,0.45,0.53,0.72,0.60,0.58,0.48,0.51,0.63,0.48,0.60,0.66,0.48,0.59,0.48,0.41,0.47,0.61,0.58,0.63,0.51,0.57,0.48,0.50,0.53,0.57,0.55,0.32,0.65,0.48,0.67,0.50,0.64,0.64,0.51,0.42,0.59,0.67,0.62,0.64,0.67,0.48,0.61,0.61,0.65,0.50,0.54,0.52,0.54,0.53,0.70,0.55,0.65,0.68,0.60,0.53,0.60,0.71,0.53,0.54,0.61,0.59,0.67,0.64,0.48,0.51,0.66,0.58,0.50,0.53,0.62,0.47,0.66,0.61,0.54,0.62,0.32,0.66,0.61,0.52,0.41,0.55,0.64,0.57,0.58,0.54,0.50,0.52,0.54,0.59,0.59,0.62,0.60,0.50,0.45,0.45,0.63,0.57,0.60,0.35,0.51,0.54,0.58,0.59,0.71,0.76,0.59,0.70,0.68,0.42,0.42,0.33,0.64,0.32,0.49,0.53,0.54,0.59,0.58,0.42,0.55,0.52,0.23,0.52,0.77,0.39,0.64,0.55,0.49,0.16,0.75,0.59,0.62,0.64,0.55,0.72,0.60,0.65,0.62,0.67,0.54,0.62,0.62,0.66,0.49,0.63,0.53,0.67,0.54,0.60,0.60,0.60,0.70,0.69,0.65,0.55,0.64,0.13,0.54,0.75,0.69,0.57
Gossypium herbaceum,0.62,0.64,0.63,0.56,0.52,0.61,0.52,0.38,0.45,0.43,0.46,0.58,0.64,0.35,0.44,0.58,0.44,0.36,0.55,0.44,0.51,0.45,0.56,0.49,0.67,0.55,0.38,0.56,0.52,0.43,0.36,0.44,0.56,0.44,0.57,0.63,0.43,0.58,0.33,0.66,0.59,0.58,0.34,0.42,0.70,0.56,0.61,0.54,0.38,0.63,0.64,0.37,0.38,0.58,0.51,0.58,0.52,0.68,0.52,0.58,0.54,0.64,0.46,0.60,0.45,0.58,0.34,0.59,0.48,0.42,0.39,0.44,0.42,0.35,0.31,0.68,0.44,0.56,0.51,0.45,0.49,0.44,0.51,0.68,0.71,0.67,0.56,0.56,0.48,0.67,0.67,0.47,0.46,0.70,0.50,0.56,0.78,0.41,0.12,0.68,0.08,0.55,0.44,0.54,0.10,0.55,0.12,0.39,0.36,0.19,0.49,0.59,0.58,0.64,0.34,0.65,0.11,0.55,0.43,0.36,0.26,0.51,0.32,0.68,0.56,0.58,0.06,0.30,0.54,0.69,0.52,0.17,0.32,0.27,0.42,0.13,0.45,0.61,0.45,0.75,0.61,0.44,0.32,0.60,0.60,0.60,0.47,0.57,0.55,0.52,0.66,0.51,0.55,0.43,0.57,0.46,0.54,0.48,0.45,0.61,0.49,0.28,0.48,0.47,0.25,0.54,0.56,0.49,0.61,0.60,0.36,0.49,0.24,0.55,0.56,0.54,0.58,0.53,0.46,0.53,0.64,0.64,0.52,0.66,0.62,0.50,0.66,0.49,0.55,0.58,0.59,0.41,0.51,0.47,0.45,0.22,0.49,0.59,0.25,0.53,0.15,0.50,0.53,0.46,0.51,0.49,0.47,0.58,0.35,0.51,0.54,0.39,0.55,0.50,0.55,0.55,0.50,0.35,0.52,0.57,0.49,0.63,0.53,0.43,0.53,0.51,0.50,0.23,0.31,0.44,0.64,0.63,0.44,0.52,0.41,0.37,0.61,0.61,0.42,0.45,0.57,0.69,0.48,0.49,0.54,0.55,0.46,0.44,0.41,0.42,0.58,0.58,0.54,0.53,0.43,0.41,0.34,0.41,0.55,0.41,0.31,0.54,0.48,0.55,0.64,0.51,0.46,0.35,0.28,0.74,0.60,0.45,0.64,0.63,0.32,0.64,0.45,0.63,0.62,0.37,0.63,0.61,0.39,0.59,0.57,0.50,0.52,0.59,0.51,0.46,0.58,0.50,0.51,0.44,0.50,0.52,0.50,0.47,0.44,0.68,0.49,0.45,0.57,0.51,0.43,0.50,0.47,0.50,0.51,0.20,0.46,0.50,0.44,0.38,0.55,0.49,0.41,0.44,0.37,0.33,0.39,0.38,0.43,0.43,0.46,0.44,0.52,0.43,0.41,0.52,0.42,0.61,0.22,0.38,0.50,0.67,0.62,0.59,0.66,0.58,0.64,0.72,0.46,0.27,0.20,0.52,0.19,0.52,0.36,0.43,0.63,0.54,0.50,0.37,0.48,0.13,0.43,0.61,0.45,0.79,0.53,0.62,0.30,0.61,0.43,0.50,0.47,0.39,0.58,0.43,0.51,0.48,0.54,0.47,0.46,0.58,0.55,0.47,0.59,0.46,0.53,0.38,0.40,0.44,0.44,0.57,0.68,0.67,0.50,0.47,0.29,0.71,0.73,0.79,0.49
Helianthus annuus,0.67,0.52,0.53,0.44,0.46,0.51,0.51,0.36,0.46,0.54,0.61,0.60,0.61,0.32,0.42,0.67,0.58,0.49,0.49,0.44,0.47,0.57,0.52,0.53,0.57,0.47,0.53,0.52,0.54,0.41,0.46,0.54,0.67,0.40,0.69,0.67,0.50,0.59,0.48,0.65,0.60,0.48,0.51,0.47,0.59,0.60,0.63,0.62,0.36,0.52,0.57,0.50,0.45,0.62,0.59,0.60,0.47,0.60,0.57,0.51,0.47,0.54,0.55,0.52,0.42,0.56,0.50,0.61,0.45,0.48,0.52,0.42,0.54,0.34,0.44,0.60,0.49,0.58,0.59,0.45,0.48,0.41,0.60,0.70,0.72,0.60,0.63,0.48,0.44,0.59,0.57,0.57,0.52,0.62,0.58,0.54,0.88,0.53,0.24,0.64,0.19,0.60,0.59,0.64,0.23,0.56,0.25,0.55,0.51,0.34,0.46,0.73,0.65,0.79,0.50,0.77,0.24,0.71,0.49,0.36,0.37,0.57,0.46,0.83,0.57,0.72,0.16,0.42,0.63,0.61,0.61,0.29,0.43,0.28,0.57,0.27,0.55,0.69,0.59,0.81,0.58,0.56,0.43,0.54,0.50,0.59,0.58,0.56,0.63,0.61,0.56,0.58,0.49,0.53,0.66,0.55,0.64,0.57,0.56,0.67,0.59,0.37,0.47,0.41,0.40,0.58,0.61,0.54,0.54,0.64,0.48,0.54,0.37,0.59,0.61,0.62,0.50,0.50,0.54,0.58,0.63,0.55,0.66,0.56,0.61,0.46,0.57,0.60,0.61,0.56,0.56,0.55,0.53,0.49,0.42,0.36,0.58,0.54,0.41,0.61,0.25,0.43,0.62,0.58,0.46,0.52,0.50,0.64,0.47,0.45,0.61,0.51,0.66,0.53,0.53,0.47,0.46,0.46,0.49,0.60,0.50,0.53,0.56,0.56,0.52,0.63,0.47,0.25,0.47,0.56,0.55,0.54,0.42,0.49,0.40,0.51,0.66,0.54,0.50,0.41,0.49,0.60,0.43,0.51,0.60,0.48,0.52,0.42,0.36,0.41,0.54,0.51,0.57,0.49,0.49,0.42,0.49,0.46,0.51,0.47,0.29,0.60,0.44,0.61,0.52,0.56,0.54,0.47,0.40,0.61,0.61,0.59,0.58,0.65,0.46,0.58,0.55,0.58,0.54,0.52,0.54,0.51,0.50,0.63,0.51,0.59,0.62,0.53,0.47,0.53,0.63,0.45,0.49,0.55,0.52,0.59,0.57,0.41,0.44,0.61,0.51,0.45,0.50,0.54,0.41,0.61,0.53,0.47,0.54,0.33,0.57,0.54,0.46,0.36,0.52,0.58,0.54,0.52,0.48,0.48,0.48,0.50,0.58,0.54,0.57,0.55,0.46,0.39,0.38,0.54,0.53,0.56,0.35,0.43,0.46,0.57,0.55,0.60,0.69,0.53,0.63,0.64,0.41,0.43,0.35,0.59,0.34,0.46,0.53,0.48,0.54,0.51,0.43,0.53,0.49,0.25,0.46,0.70,0.40,0.67,0.48,0.51,0.22,0.67,0.56,0.55,0.60,0.53,0.67,0.58,0.56,0.53,0.61,0.46,0.58,0.57,0.58,0.43,0.56,0.45,0.60,0.50,0.54,0.55,0.56,0.62,0.67,0.59,0.48,0.57,0.22,0.60,0.72,0.69,0.52
Malus domestica,0.69,0.51,0.53,0.43,0.48,0.51,0.53,0.37,0.48,0.57,0.63,0.62,0.62,0.33,0.43,0.70,0.61,0.51,0.50,0.46,0.48,0.60,0.53,0.55,0.58,0.48,0.55,0.54,0.57,0.42,0.48,0.57,0.70,0.41,0.72,0.70,0.53,0.61,0.50,0.66,0.62,0.48,0.52,0.49,0.58,0.63,0.65,0.64,0.37,0.51,0.57,0.52,0.47,0.65,0.62,0.62,0.48,0.61,0.59,0.52,0.48,0.55,0.58,0.52,0.43,0.58,0.52,0.63,0.46,0.51,0.55,0.44,0.57,0.35,0.47,0.60,0.51,0.60,0.62,0.47,0.49,0.42,0.63,0.72,0.73,0.60,0.66,0.49,0.45,0.60,0.57,0.60,0.54,0.63,0.61,0.55,0.89,0.56,0.25,0.64,0.19,0.62,0.62,0.67,0.24,0.58,0.25,0.57,0.53,0.34,0.46,0.75,0.68,0.82,0.52,0.80,0.24,0.73,0.52,0.38,0.38,0.60,0.49,0.86,0.58,0.74,0.17,0.45,0.66,0.61,0.64,0.30,0.45,0.29,0.60,0.28,0.57,0.72,0.61,0.83,0.60,0.58,0.44,0.55,0.50,0.61,0.61,0.57,0.66,0.64,0.57,0.60,0.51,0.56,0.69,0.58,0.66,0.60,0.58,0.70,0.62,0.39,0.49,0.42,0.42,0.60,0.63,0.56,0.55,0.66,0.51,0.57,0.39,0.61,0.63,0.65,0.50,0.51,0.56,0.60,0.65,0.56,0.68,0.56,0.63,0.48,0.57,0.63,0.64,0.57,0.58,0.58,0.55,0.51,0.43,0.38,0.60,0.55,0.43,0.64,0.26,0.44,0.65,0.61,0.48,0.54,0.53,0.67,0.49,0.47,0.64,0.53,0.69,0.55,0.55,0.47,0.47,0.49,0.50,0.62,0.52,0.53,0.58,0.59,0.53,0.66,0.48,0.26,0.49,0.59,0.55,0.54,0.44,0.50,0.42,0.54,0.68,0.55,0.53,0.42,0.49,0.61,0.44,0.53,0.63,0.49,0.54,0.44,0.37,0.42,0.55,0.52,0.60,0.50,0.51,0.44,0.51,0.49,0.52,0.49,0.31,0.63,0.46,0.64,0.51,0.58,0.56,0.49,0.42,0.60,0.63,0.62,0.59,0.67,0.48,0.59,0.57,0.59,0.54,0.54,0.53,0.51,0.53,0.65,0.52,0.62,0.65,0.54,0.48,0.56,0.65,0.47,0.50,0.58,0.53,0.62,0.60,0.42,0.45,0.61,0.53,0.47,0.51,0.56,0.43,0.65,0.56,0.48,0.56,0.35,0.59,0.56,0.48,0.37,0.53,0.61,0.57,0.55,0.50,0.51,0.51,0.52,0.60,0.57,0.60,0.58,0.47,0.40,0.39,0.56,0.56,0.57,0.37,0.45,0.47,0.57,0.56,0.63,0.71,0.54,0.64,0.65,0.42,0.45,0.36,0.61,0.35,0.47,0.55,0.51,0.54,0.53,0.43,0.55,0.50,0.26,0.48,0.72,0.41,0.66,0.49,0.51,0.21,0.70,0.59,0.58,0.62,0.55,0.70,0.60,0.58,0.56,0.64,0.48,0.60,0.58,0.60,0.44,0.57,0.46,0.63,0.53,0.57,0.58,0.59,0.65,0.69,0.59,0.49,0.60,0.21,0.60,0.72,0.69,0.54
Prunus armeniaca,0.67,0.56,0.57,0.48,0.50,0.56,0.53,0.37,0.47,0.51,0.54,0.61,0.65,0.34,0.43,0.64,0.52,0.43,0.53,0.45,0.50,0.53,0.55,0.53,0.62,0.52,0.46,0.55,0.55,0.42,0.43,0.51,0.64,0.43,0.64,0.68,0.48,0.60,0.41,0.68,0.62,0.53,0.42,0.47,0.64,0.61,0.64,0.61,0.39,0.57,0.61,0.45,0.44,0.62,0.58,0.62,0.51,0.65,0.57,0.55,0.51,0.60,0.53,0.57,0.45,0.59,0.42,0.61,0.47,0.47,0.47,0.45,0.49,0.35,0.38,0.64,0.49,0.59,0.59,0.47,0.51,0.44,0.57,0.71,0.74,0.64,0.62,0.52,0.47,0.64,0.62,0.54,0.51,0.67,0.57,0.57,0.87,0.50,0.17,0.67,0.12,0.60,0.52,0.61,0.16,0.59,0.17,0.47,0.44,0.25,0.49,0.66,0.64,0.72,0.42,0.73,0.15,0.63,0.47,0.36,0.30,0.57,0.40,0.77,0.59,0.65,0.10,0.37,0.61,0.65,0.59,0.24,0.40,0.27,0.50,0.19,0.52,0.68,0.52,0.81,0.61,0.52,0.37,0.57,0.54,0.61,0.54,0.59,0.62,0.59,0.62,0.59,0.54,0.51,0.64,0.53,0.61,0.55,0.53,0.66,0.56,0.33,0.48,0.44,0.32,0.59,0.60,0.54,0.58,0.65,0.44,0.55,0.31,0.59,0.62,0.60,0.54,0.53,0.52,0.59,0.66,0.60,0.59,0.61,0.64,0.50,0.62,0.56,0.61,0.58,0.59,0.49,0.54,0.49,0.44,0.29,0.55,0.57,0.33,0.59,0.21,0.46,0.59,0.53,0.50,0.53,0.51,0.63,0.44,0.49,0.60,0.46,0.63,0.55,0.57,0.51,0.50,0.43,0.51,0.61,0.52,0.58,0.56,0.50,0.54,0.58,0.49,0.24,0.39,0.51,0.59,0.59,0.44,0.52,0.42,0.45,0.66,0.58,0.48,0.44,0.53,0.65,0.46,0.53,0.59,0.51,0.51,0.45,0.39,0.42,0.57,0.55,0.58,0.52,0.49,0.44,0.42,0.46,0.55,0.47,0.31,0.59,0.47,0.60,0.58,0.56,0.53,0.43,0.36,0.66,0.62,0.53,0.63,0.66,0.41,0.62,0.52,0.61,0.56,0.45,0.58,0.56,0.47,0.64,0.54,0.57,0.59,0.57,0.51,0.52,0.64,0.49,0.51,0.52,0.53,0.58,0.56,0.45,0.45,0.65,0.51,0.46,0.53,0.55,0.42,0.57,0.53,0.50,0.55,0.27,0.55,0.55,0.47,0.37,0.54,0.55,0.49,0.50,0.44,0.41,0.45,0.46,0.51,0.50,0.53,0.51,0.49,0.42,0.40,0.56,0.49,0.60,0.29,0.43,0.49,0.62,0.59,0.62,0.70,0.56,0.65,0.70,0.44,0.34,0.28,0.57,0.26,0.49,0.44,0.49,0.59,0.54,0.46,0.46,0.49,0.18,0.46,0.68,0.43,0.72,0.52,0.55,0.24,0.68,0.50,0.55,0.54,0.47,0.65,0.51,0.56,0.54,0.60,0.48,0.53,0.59,0.59,0.46,0.59,0.47,0.59,0.46,0.50,0.51,0.52,0.62,0.70,0.64,0.50,0.54,0.26,0.65,0.75,0.75,0.52
Prunus cerasus,0.71,0.52,0.54,0.43,0.51,0.53,0.55,0.39,0.50,0.58,0.64,0.65,0.65,0.35,0.46,0.73,0.62,0.52,0.52,0.47,0.50,0.62,0.56,0.58,0.60,0.50,0.56,0.58,0.59,0.43,0.49,0.59,0.71,0.43,0.74,0.72,0.55,0.63,0.49,0.69,0.64,0.50,0.52,0.51,0.59,0.65,0.68,0.66,0.39,0.52,0.59,0.52,0.49,0.67,0.63,0.65,0.51,0.63,0.61,0.54,0.50,0.57,0.60,0.54,0.45,0.60,0.52,0.65,0.47,0.53,0.56,0.46,0.58,0.37,0.47,0.62,0.54,0.63,0.64,0.49,0.51,0.44,0.65,0.74,0.76,0.62,0.67,0.51,0.47,0.62,0.58,0.62,0.56,0.66,0.62,0.59,0.91,0.56,0.23,0.64,0.18,0.65,0.62,0.69,0.22,0.60,0.24,0.57,0.53,0.32,0.46,0.76,0.70,0.82,0.51,0.82,0.22,0.74,0.54,0.39,0.37,0.63,0.48,0.86,0.60,0.75,0.15,0.44,0.68,0.64,0.66,0.29,0.46,0.30,0.61,0.26,0.59,0.75,0.62,0.85,0.63,0.59,0.43,0.56,0.51,0.63,0.62,0.60,0.68,0.65,0.59,0.62,0.53,0.57,0.71,0.60,0.68,0.61,0.59,0.72,0.64,0.40,0.52,0.44,0.40,0.63,0.66,0.59,0.58,0.69,0.51,0.59,0.38,0.64,0.66,0.67,0.53,0.53,0.58,0.62,0.67,0.58,0.69,0.58,0.65,0.49,0.59,0.65,0.66,0.59,0.60,0.58,0.58,0.52,0.45,0.37,0.60,0.58,0.41,0.66,0.25,0.46,0.67,0.62,0.50,0.56,0.55,0.68,0.49,0.49,0.66,0.53,0.70,0.58,0.58,0.49,0.50,0.49,0.52,0.63,0.54,0.55,0.60,0.60,0.56,0.68,0.50,0.27,0.49,0.60,0.57,0.56,0.46,0.52,0.44,0.55,0.71,0.56,0.54,0.44,0.51,0.62,0.47,0.55,0.65,0.50,0.56,0.46,0.38,0.44,0.57,0.54,0.63,0.52,0.53,0.47,0.52,0.51,0.55,0.51,0.33,0.66,0.48,0.66,0.53,0.61,0.57,0.50,0.42,0.60,0.67,0.62,0.62,0.70,0.48,0.62,0.59,0.62,0.55,0.53,0.54,0.53,0.54,0.67,0.53,0.64,0.67,0.56,0.50,0.58,0.68,0.49,0.53,0.59,0.56,0.64,0.62,0.44,0.47,0.62,0.55,0.49,0.52,0.59,0.45,0.66,0.59,0.51,0.59,0.34,0.60,0.59,0.50,0.39,0.55,0.63,0.58,0.57,0.50,0.50,0.52,0.52,0.61,0.59,0.62,0.59,0.48,0.43,0.42,0.58,0.57,0.60,0.36,0.46,0.49,0.59,0.58,0.65,0.74,0.56,0.67,0.67,0.44,0.43,0.35,0.64,0.34,0.49,0.54,0.52,0.57,0.56,0.44,0.55,0.52,0.25,0.50,0.74,0.44,0.67,0.51,0.51,0.20,0.72,0.60,0.61,0.63,0.56,0.72,0.61,0.61,0.58,0.67,0.50,0.61,0.61,0.63,0.47,0.58,0.48,0.65,0.53,0.57,0.59,0.60,0.67,0.71,0.61,0.51,0.61,0.20,0.60,0.72,0.72,0.56
Prunus domestica,0.70,0.54,0.56,0.45,0.50,0.54,0.55,0.39,0.50,0.56,0.62,0.65,0.65,0.35,0.46,0.71,0.60,0.51,0.52,0.47,0.50,0.60,0.56,0.57,0.62,0.51,0.54,0.57,0.59,0.43,0.48,0.57,0.70,0.43,0.72,0.71,0.54,0.63,0.48,0.69,0.64,0.51,0.50,0.50,0.62,0.64,0.68,0.65,0.39,0.54,0.61,0.51,0.48,0.67,0.62,0.64,0.51,0.64,0.60,0.55,0.50,0.58,0.58,0.56,0.45,0.60,0.50,0.65,0.48,0.52,0.54,0.45,0.57,0.37,0.46,0.64,0.53,0.63,0.62,0.48,0.51,0.44,0.64,0.74,0.77,0.63,0.66,0.51,0.47,0.63,0.59,0.60,0.55,0.67,0.61,0.58,0.92,0.55,0.22,0.64,0.17,0.64,0.60,0.68,0.21,0.60,0.23,0.55,0.51,0.31,0.46,0.74,0.69,0.81,0.50,0.80,0.21,0.72,0.53,0.39,0.36,0.61,0.46,0.85,0.59,0.73,0.14,0.43,0.67,0.65,0.65,0.28,0.44,0.30,0.59,0.24,0.58,0.73,0.60,0.86,0.62,0.57,0.43,0.57,0.53,0.63,0.61,0.60,0.67,0.63,0.59,0.61,0.53,0.56,0.70,0.59,0.67,0.60,0.58,0.71,0.62,0.39,0.51,0.45,0.39,0.62,0.65,0.58,0.58,0.68,0.50,0.58,0.37,0.63,0.64,0.66,0.53,0.53,0.57,0.61,0.67,0.59,0.67,0.60,0.64,0.49,0.60,0.63,0.65,0.59,0.60,0.57,0.57,0.51,0.45,0.35,0.60,0.58,0.40,0.65,0.24,0.47,0.65,0.60,0.50,0.55,0.54,0.67,0.48,0.49,0.65,0.52,0.68,0.57,0.58,0.50,0.50,0.48,0.52,0.63,0.53,0.57,0.59,0.58,0.56,0.66,0.50,0.27,0.47,0.58,0.58,0.57,0.46,0.52,0.44,0.53,0.70,0.57,0.52,0.44,0.53,0.63,0.47,0.55,0.64,0.51,0.56,0.46,0.39,0.44,0.58,0.54,0.62,0.53,0.52,0.46,0.50,0.50,0.55,0.50,0.33,0.65,0.48,0.65,0.55,0.59,0.56,0.48,0.41,0.63,0.66,0.60,0.62,0.69,0.46,0.62,0.58,0.62,0.57,0.51,0.56,0.54,0.52,0.66,0.53,0.63,0.66,0.57,0.50,0.56,0.67,0.49,0.53,0.57,0.56,0.63,0.61,0.45,0.47,0.63,0.55,0.49,0.53,0.58,0.45,0.64,0.57,0.51,0.58,0.32,0.59,0.58,0.49,0.39,0.55,0.61,0.56,0.56,0.49,0.48,0.51,0.51,0.59,0.57,0.60,0.58,0.49,0.43,0.41,0.58,0.56,0.60,0.35,0.46,0.49,0.60,0.59,0.64,0.74,0.56,0.67,0.68,0.44,0.41,0.33,0.63,0.32,0.49,0.53,0.52,0.57,0.55,0.46,0.53,0.52,0.23,0.49,0.73,0.44,0.69,0.51,0.54,0.23,0.71,0.58,0.60,0.62,0.55,0.70,0.59,0.60,0.57,0.66,0.50,0.60,0.61,0.62,0.47,0.58,0.48,0.64,0.51,0.55,0.58,0.58,0.66,0.72,0.61,0.50,0.59,0.23,0.62,0.73,0.73,0.55
Prunus persica,0.67,0.58,0.59,0.49,0.52,0.58,0.56,0.40,0.50,0.51,0.55,0.64,0.67,0.37,0.47,0.66,0.52,0.44,0.55,0.47,0.52,0.54,0.58,0.55,0.65,0.54,0.47,0.59,0.58,0.45,0.43,0.52,0.64,0.45,0.65,0.69,0.50,0.63,0.41,0.69,0.63,0.55,0.43,0.48,0.67,0.63,0.67,0.61,0.40,0.59,0.64,0.45,0.44,0.64,0.57,0.63,0.53,0.67,0.57,0.58,0.53,0.62,0.54,0.59,0.47,0.61,0.43,0.65,0.50,0.49,0.48,0.47,0.50,0.37,0.39,0.67,0.50,0.61,0.58,0.49,0.51,0.46,0.59,0.72,0.76,0.67,0.63,0.54,0.49,0.65,0.64,0.55,0.53,0.70,0.57,0.58,0.88,0.49,0.17,0.68,0.12,0.62,0.53,0.62,0.15,0.59,0.17,0.48,0.45,0.25,0.49,0.67,0.66,0.73,0.43,0.74,0.15,0.65,0.50,0.39,0.32,0.57,0.39,0.77,0.60,0.67,0.10,0.37,0.62,0.69,0.60,0.21,0.38,0.29,0.51,0.18,0.53,0.69,0.53,0.83,0.64,0.51,0.38,0.60,0.57,0.63,0.55,0.60,0.62,0.58,0.64,0.57,0.55,0.50,0.64,0.54,0.62,0.54,0.53,0.67,0.57,0.34,0.51,0.47,0.32,0.59,0.62,0.55,0.60,0.65,0.44,0.54,0.30,0.60,0.61,0.62,0.57,0.54,0.53,0.59,0.67,0.62,0.61,0.64,0.65,0.52,0.64,0.57,0.61,0.60,0.61,0.50,0.55,0.50,0.47,0.29,0.55,0.60,0.32,0.60,0.19,0.49,0.60,0.54,0.52,0.54,0.52,0.63,0.42,0.51,0.62,0.46,0.63,0.54,0.58,0.53,0.52,0.43,0.54,0.62,0.53,0.61,0.57,0.52,0.56,0.60,0.52,0.27,0.40,0.52,0.62,0.61,0.47,0.54,0.45,0.46,0.67,0.60,0.48,0.47,0.56,0.68,0.49,0.55,0.61,0.54,0.52,0.47,0.41,0.45,0.60,0.57,0.60,0.55,0.48,0.45,0.43,0.47,0.57,0.47,0.33,0.61,0.50,0.61,0.60,0.56,0.51,0.42,0.35,0.68,0.64,0.53,0.65,0.68,0.40,0.64,0.53,0.64,0.59,0.45,0.60,0.58,0.46,0.63,0.57,0.58,0.60,0.59,0.53,0.52,0.64,0.51,0.53,0.52,0.56,0.59,0.57,0.47,0.48,0.67,0.54,0.49,0.56,0.56,0.46,0.58,0.54,0.52,0.57,0.26,0.53,0.56,0.49,0.41,0.56,0.56,0.49,0.52,0.43,0.41,0.47,0.45,0.52,0.51,0.54,0.52,0.52,0.44,0.43,0.57,0.50,0.62,0.29,0.44,0.51,0.65,0.62,0.64,0.72,0.59,0.68,0.72,0.46,0.34,0.26,0.59,0.25,0.52,0.45,0.49,0.61,0.57,0.48,0.46,0.52,0.17,0.49,0.68,0.45,0.75,0.54,0.58,0.25,0.67,0.51,0.57,0.56,0.48,0.66,0.52,0.57,0.53,0.61,0.51,0.54,0.62,0.61,0.48,0.61,0.50,0.59,0.45,0.49,0.52,0.52,0.63,0.71,0.65,0.52,0.54,0.25,0.67,0.75,0.78,0.54
Prunus_avium,0.69,0.54,0.56,0.46,0.50,0.54,0.55,0.39,0.50,0.55,0.60,0.64,0.65,0.35,0.45,0.70,0.58,0.50,0.52,0.47,0.50,0.59,0.56,0.56,0.61,0.51,0.53,0.57,0.58,0.43,0.47,0.56,0.68,0.43,0.70,0.70,0.53,0.63,0.47,0.69,0.64,0.51,0.49,0.50,0.62,0.64,0.67,0.64,0.39,0.54,0.61,0.50,0.47,0.66,0.60,0.63,0.50,0.64,0.59,0.55,0.50,0.58,0.57,0.56,0.45,0.60,0.49,0.65,0.48,0.51,0.53,0.45,0.55,0.37,0.45,0.64,0.52,0.62,0.61,0.48,0.50,0.44,0.63,0.73,0.76,0.63,0.65,0.51,0.47,0.62,0.60,0.59,0.55,0.66,0.60,0.57,0.91,0.54,0.22,0.66,0.16,0.64,0.59,0.67,0.20,0.59,0.22,0.54,0.50,0.30,0.47,0.73,0.68,0.79,0.49,0.78,0.21,0.70,0.53,0.39,0.36,0.60,0.45,0.83,0.59,0.72,0.13,0.42,0.66,0.65,0.63,0.26,0.42,0.30,0.57,0.23,0.57,0.72,0.59,0.85,0.62,0.55,0.43,0.57,0.53,0.63,0.60,0.59,0.66,0.62,0.59,0.59,0.53,0.54,0.67,0.58,0.65,0.59,0.57,0.69,0.61,0.38,0.51,0.44,0.38,0.61,0.63,0.57,0.57,0.66,0.49,0.56,0.35,0.62,0.63,0.64,0.53,0.53,0.56,0.61,0.66,0.58,0.66,0.60,0.64,0.49,0.60,0.62,0.63,0.59,0.59,0.55,0.56,0.51,0.45,0.34,0.59,0.57,0.39,0.63,0.23,0.46,0.64,0.59,0.50,0.55,0.54,0.66,0.46,0.49,0.65,0.51,0.67,0.56,0.57,0.50,0.50,0.47,0.52,0.63,0.53,0.56,0.59,0.57,0.55,0.64,0.50,0.27,0.46,0.57,0.58,0.57,0.46,0.52,0.44,0.52,0.69,0.57,0.51,0.44,0.52,0.63,0.46,0.55,0.64,0.51,0.55,0.46,0.39,0.44,0.57,0.54,0.61,0.52,0.51,0.45,0.49,0.49,0.54,0.49,0.32,0.64,0.48,0.64,0.55,0.58,0.54,0.47,0.40,0.63,0.65,0.59,0.61,0.68,0.45,0.62,0.56,0.61,0.57,0.50,0.57,0.54,0.51,0.65,0.54,0.61,0.64,0.56,0.50,0.56,0.66,0.48,0.52,0.55,0.55,0.62,0.60,0.44,0.47,0.64,0.55,0.49,0.53,0.57,0.45,0.63,0.56,0.50,0.58,0.31,0.57,0.58,0.49,0.39,0.55,0.60,0.55,0.55,0.47,0.47,0.51,0.50,0.57,0.55,0.59,0.57,0.49,0.42,0.41,0.58,0.55,0.60,0.34,0.45,0.49,0.61,0.59,0.64,0.73,0.56,0.67,0.68,0.44,0.40,0.32,0.62,0.31,0.49,0.51,0.51,0.57,0.55,0.46,0.51,0.52,0.22,0.49,0.71,0.44,0.69,0.51,0.54,0.23,0.69,0.57,0.59,0.60,0.53,0.69,0.58,0.58,0.56,0.65,0.49,0.58,0.61,0.61,0.46,0.58,0.48,0.62,0.50,0.54,0.56,0.57,0.65,0.71,0.61,0.51,0.58,0.23,0.63,0.73,0.74,0.55
Prunus_spinosa,0.70,0.53,0.55,0.45,0.51,0.54,0.55,0.39,0.49,0.55,0.61,0.64,0.65,0.35,0.45,0.70,0.59,0.50,0.52,0.46,0.50,0.59,0.56,0.56,0.61,0.51,0.53,0.57,0.58,0.43,0.47,0.56,0.69,0.43,0.71,0.71,0.53,0.62,0.47,0.69,0.64,0.51,0.49,0.50,0.61,0.64,0.67,0.65,0.39,0.54,0.60,0.50,0.47,0.66,0.62,0.64,0.51,0.64,0.60,0.54,0.50,0.58,0.58,0.55,0.45,0.60,0.49,0.64,0.47,0.51,0.53,0.45,0.56,0.37,0.45,0.64,0.52,0.62,0.62,0.49,0.51,0.44,0.63,0.74,0.76,0.63,0.66,0.51,0.47,0.63,0.59,0.60,0.55,0.66,0.60,0.58,0.91,0.54,0.22,0.66,0.16,0.64,0.59,0.67,0.20,0.60,0.22,0.54,0.50,0.30,0.47,0.73,0.68,0.80,0.49,0.79,0.21,0.71,0.52,0.38,0.36,0.61,0.45,0.84,0.59,0.72,0.13,0.42,0.66,0.65,0.64,0.28,0.44,0.29,0.58,0.24,0.57,0.73,0.59,0.85,0.62,0.57,0.42,0.57,0.52,0.63,0.60,0.60,0.66,0.63,0.60,0.61,0.53,0.55,0.69,0.58,0.66,0.60,0.57,0.70,0.62,0.38,0.51,0.44,0.38,0.62,0.64,0.58,0.58,0.68,0.49,0.57,0.36,0.63,0.64,0.65,0.53,0.53,0.56,0.61,0.67,0.59,0.66,0.59,0.65,0.50,0.60,0.62,0.64,0.59,0.60,0.56,0.56,0.51,0.45,0.35,0.59,0.58,0.39,0.64,0.24,0.46,0.65,0.59,0.50,0.55,0.54,0.67,0.48,0.49,0.65,0.51,0.68,0.57,0.57,0.50,0.50,0.47,0.52,0.63,0.53,0.56,0.59,0.57,0.56,0.65,0.50,0.26,0.46,0.57,0.58,0.57,0.46,0.52,0.44,0.52,0.69,0.57,0.52,0.44,0.52,0.64,0.47,0.54,0.64,0.50,0.55,0.45,0.39,0.43,0.57,0.54,0.62,0.52,0.52,0.46,0.49,0.49,0.54,0.50,0.32,0.64,0.48,0.64,0.54,0.59,0.55,0.47,0.40,0.63,0.66,0.59,0.62,0.69,0.45,0.63,0.57,0.62,0.56,0.50,0.56,0.54,0.51,0.66,0.54,0.62,0.65,0.57,0.50,0.56,0.67,0.49,0.53,0.56,0.55,0.62,0.61,0.44,0.47,0.63,0.55,0.49,0.53,0.58,0.44,0.64,0.57,0.50,0.58,0.32,0.58,0.58,0.49,0.38,0.55,0.61,0.56,0.55,0.49,0.47,0.50,0.50,0.58,0.56,0.59,0.57,0.49,0.42,0.41,0.57,0.55,0.60,0.34,0.45,0.49,0.60,0.59,0.64,0.73,0.57,0.67,0.68,0.44,0.41,0.32,0.62,0.31,0.49,0.51,0.51,0.57,0.56,0.45,0.52,0.51,0.23,0.49,0.72,0.44,0.69,0.51,0.53,0.22,0.71,0.57,0.59,0.61,0.54,0.70,0.58,0.59,0.56,0.65,0.49,0.59,0.61,0.62,0.46,0.59,0.48,0.63,0.51,0.55,0.57,0.57,0.66,0.71,0.62,0.50,0.59,0.22,0.62,0.74,0.73,0.55
Pyrus communis,0.69,0.53,0.55,0.45,0.49,0.53,0.54,0.37,0.48,0.55,0.60,0.63,0.64,0.34,0.44,0.69,0.58,0.49,0.51,0.46,0.49,0.58,0.54,0.55,0.60,0.50,0.53,0.55,0.57,0.42,0.47,0.55,0.68,0.42,0.70,0.70,0.52,0.61,0.47,0.68,0.62,0.50,0.49,0.49,0.61,0.63,0.66,0.63,0.38,0.54,0.59,0.50,0.46,0.65,0.60,0.62,0.49,0.63,0.59,0.53,0.49,0.57,0.57,0.55,0.44,0.58,0.49,0.63,0.47,0.50,0.53,0.44,0.55,0.35,0.44,0.63,0.51,0.60,0.61,0.47,0.49,0.43,0.62,0.73,0.74,0.62,0.65,0.50,0.46,0.62,0.59,0.58,0.54,0.65,0.59,0.56,0.90,0.54,0.22,0.65,0.17,0.62,0.59,0.66,0.21,0.58,0.23,0.54,0.50,0.31,0.47,0.72,0.67,0.79,0.49,0.78,0.21,0.70,0.51,0.37,0.36,0.59,0.45,0.83,0.59,0.72,0.14,0.42,0.65,0.64,0.63,0.28,0.43,0.29,0.57,0.24,0.56,0.71,0.59,0.84,0.61,0.56,0.42,0.56,0.52,0.61,0.59,0.58,0.65,0.62,0.59,0.59,0.52,0.54,0.68,0.57,0.65,0.59,0.57,0.69,0.60,0.38,0.49,0.43,0.38,0.60,0.63,0.56,0.56,0.66,0.48,0.56,0.36,0.61,0.63,0.64,0.52,0.52,0.55,0.60,0.65,0.57,0.66,0.58,0.63,0.48,0.59,0.61,0.63,0.58,0.58,0.55,0.55,0.50,0.44,0.35,0.59,0.56,0.39,0.63,0.24,0.45,0.63,0.59,0.48,0.54,0.53,0.66,0.47,0.47,0.63,0.51,0.67,0.55,0.56,0.49,0.48,0.47,0.51,0.62,0.52,0.55,0.58,0.56,0.54,0.64,0.49,0.26,0.46,0.56,0.57,0.56,0.44,0.51,0.42,0.51,0.68,0.56,0.51,0.43,0.51,0.62,0.45,0.53,0.62,0.50,0.54,0.44,0.38,0.42,0.56,0.53,0.60,0.51,0.51,0.44,0.49,0.48,0.53,0.48,0.31,0.63,0.47,0.63,0.54,0.58,0.55,0.47,0.40,0.63,0.64,0.59,0.60,0.68,0.45,0.61,0.56,0.60,0.56,0.50,0.56,0.53,0.51,0.65,0.53,0.61,0.63,0.55,0.49,0.55,0.65,0.47,0.51,0.56,0.54,0.61,0.60,0.43,0.46,0.63,0.53,0.47,0.52,0.56,0.43,0.62,0.56,0.49,0.56,0.32,0.58,0.56,0.48,0.37,0.54,0.59,0.55,0.54,0.48,0.47,0.50,0.50,0.57,0.55,0.58,0.56,0.48,0.41,0.40,0.56,0.54,0.59,0.34,0.44,0.48,0.60,0.58,0.63,0.71,0.55,0.65,0.67,0.43,0.41,0.33,0.61,0.32,0.48,0.51,0.50,0.56,0.54,0.45,0.52,0.50,0.23,0.48,0.71,0.42,0.69,0.50,0.53,0.22,0.69,0.56,0.58,0.60,0.53,0.69,0.58,0.58,0.55,0.64,0.48,0.58,0.59,0.60,0.45,0.58,0.47,0.62,0.50,0.54,0.56,0.57,0.64,0.70,0.61,0.49,0.58,0.23,0.62,0.73,0.72,0.54
Ribes nigrum,0.73,0.43,0.47,0.34,0.47,0.48,0.56,0.37,0.51,0.63,0.73,0.64,0.61,0.34,0.46,0.77,0.69,0.58,0.50,0.49,0.50,0.68,0.56,0.61,0.55,0.46,0.63,0.57,0.61,0.43,0.55,0.64,0.75,0.43,0.79,0.74,0.59,0.63,0.57,0.66,0.63,0.44,0.62,0.54,0.50,0.68,0.67,0.70,0.40,0.43,0.54,0.57,0.52,0.68,0.66,0.66,0.51,0.58,0.64,0.49,0.46,0.50,0.65,0.48,0.46,0.60,0.61,0.63,0.46,0.56,0.62,0.46,0.64,0.38,0.54,0.56,0.56,0.63,0.69,0.50,0.52,0.45,0.69,0.73,0.74,0.58,0.69,0.48,0.46,0.57,0.52,0.67,0.59,0.61,0.67,0.57,0.84,0.61,0.30,0.57,0.24,0.67,0.72,0.74,0.30,0.63,0.30,0.67,0.61,0.41,0.43,0.84,0.74,0.89,0.61,0.86,0.30,0.84,0.57,0.39,0.44,0.64,0.56,0.90,0.60,0.84,0.21,0.50,0.73,0.58,0.71,0.34,0.51,0.31,0.69,0.34,0.64,0.79,0.70,0.80,0.60,0.66,0.49,0.51,0.45,0.63,0.68,0.59,0.72,0.70,0.55,0.65,0.51,0.63,0.74,0.65,0.73,0.65,0.65,0.75,0.69,0.44,0.51,0.43,0.49,0.65,0.68,0.61,0.54,0.71,0.57,0.62,0.44,0.65,0.68,0.71,0.49,0.52,0.62,0.64,0.67,0.53,0.77,0.52,0.65,0.48,0.54,0.70,0.69,0.58,0.60,0.65,0.59,0.54,0.45,0.44,0.64,0.56,0.51,0.71,0.30,0.41,0.72,0.68,0.49,0.58,0.57,0.70,0.55,0.48,0.70,0.59,0.75,0.59,0.57,0.46,0.48,0.55,0.51,0.65,0.55,0.50,0.60,0.67,0.56,0.74,0.48,0.28,0.59,0.66,0.51,0.51,0.46,0.52,0.45,0.61,0.72,0.53,0.58,0.44,0.46,0.55,0.45,0.57,0.69,0.45,0.58,0.46,0.37,0.45,0.56,0.52,0.63,0.49,0.56,0.48,0.59,0.54,0.53,0.54,0.32,0.67,0.46,0.69,0.44,0.64,0.62,0.56,0.48,0.52,0.66,0.70,0.58,0.68,0.55,0.59,0.64,0.60,0.49,0.61,0.47,0.48,0.58,0.68,0.50,0.68,0.72,0.54,0.48,0.61,0.70,0.49,0.52,0.64,0.58,0.67,0.65,0.43,0.49,0.58,0.57,0.50,0.49,0.60,0.46,0.72,0.62,0.50,0.61,0.40,0.66,0.61,0.52,0.39,0.53,0.68,0.65,0.60,0.56,0.58,0.56,0.58,0.71,0.64,0.67,0.64,0.46,0.42,0.43,0.60,0.63,0.57,0.42,0.50,0.49,0.52,0.55,0.68,0.74,0.54,0.66,0.61,0.40,0.53,0.43,0.67,0.43,0.46,0.64,0.56,0.53,0.56,0.40,0.64,0.52,0.31,0.52,0.76,0.40,0.58,0.50,0.45,0.14,0.74,0.67,0.64,0.70,0.63,0.74,0.69,0.63,0.61,0.69,0.51,0.68,0.60,0.64,0.46,0.58,0.50,0.69,0.59,0.64,0.65,0.66,0.69,0.67,0.56,0.50,0.66,0.12,0.51,0.67,0.64,0.57
Ribes rubrum,0.73,0.48,0.52,0.39,0.50,0.51,0.56,0.39,0.51,0.60,0.69,0.66,0.64,0.35,0.47,0.76,0.66,0.56,0.52,0.49,0.51,0.65,0.57,0.60,0.58,0.49,0.60,0.58,0.61,0.45,0.52,0.62,0.74,0.44,0.77,0.74,0.57,0.64,0.54,0.68,0.64,0.48,0.58,0.53,0.55,0.67,0.69,0.68,0.40,0.48,0.58,0.55,0.51,0.68,0.64,0.66,0.51,0.61,0.62,0.52,0.49,0.54,0.62,0.52,0.46,0.60,0.58,0.65,0.47,0.54,0.59,0.47,0.62,0.38,0.52,0.60,0.55,0.64,0.66,0.50,0.52,0.45,0.68,0.74,0.76,0.61,0.69,0.50,0.48,0.59,0.56,0.65,0.59,0.64,0.65,0.58,0.89,0.59,0.28,0.62,0.22,0.67,0.68,0.73,0.27,0.61,0.28,0.63,0.57,0.38,0.45,0.82,0.73,0.87,0.58,0.85,0.27,0.80,0.56,0.41,0.42,0.63,0.53,0.91,0.60,0.81,0.19,0.48,0.71,0.62,0.69,0.31,0.47,0.31,0.66,0.31,0.62,0.77,0.67,0.84,0.62,0.62,0.49,0.55,0.49,0.64,0.66,0.60,0.70,0.67,0.57,0.63,0.52,0.60,0.73,0.63,0.71,0.63,0.62,0.74,0.66,0.42,0.52,0.44,0.46,0.63,0.67,0.60,0.56,0.70,0.55,0.60,0.41,0.65,0.67,0.69,0.52,0.54,0.60,0.63,0.68,0.56,0.74,0.56,0.66,0.50,0.57,0.68,0.68,0.60,0.61,0.62,0.59,0.54,0.46,0.41,0.63,0.57,0.47,0.69,0.27,0.44,0.70,0.66,0.50,0.58,0.57,0.70,0.51,0.49,0.69,0.57,0.72,0.58,0.57,0.49,0.50,0.52,0.52,0.65,0.55,0.53,0.61,0.64,0.57,0.72,0.50,0.28,0.55,0.63,0.55,0.54,0.47,0.53,0.45,0.59,0.71,0.56,0.56,0.45,0.49,0.60,0.46,0.57,0.68,0.49,0.57,0.47,0.39,0.45,0.57,0.54,0.64,0.51,0.54,0.47,0.56,0.52,0.54,0.52,0.32,0.67,0.48,0.68,0.49,0.62,0.59,0.53,0.45,0.57,0.67,0.67,0.60,0.69,0.51,0.61,0.61,0.61,0.53,0.58,0.51,0.51,0.57,0.68,0.53,0.66,0.70,0.56,0.50,0.60,0.69,0.49,0.53,0.62,0.57,0.66,0.64,0.44,0.49,0.60,0.57,0.51,0.52,0.59,0.46,0.70,0.60,0.50,0.60,0.37,0.63,0.60,0.51,0.40,0.55,0.65,0.62,0.59,0.53,0.55,0.55,0.55,0.66,0.61,0.65,0.62,0.48,0.43,0.42,0.60,0.60,0.59,0.40,0.48,0.50,0.56,0.58,0.67,0.75,0.56,0.68,0.65,0.44,0.49,0.39,0.66,0.39,0.49,0.60,0.54,0.55,0.57,0.43,0.60,0.54,0.28,0.52,0.75,0.43,0.64,0.52,0.49,0.17,0.73,0.64,0.63,0.67,0.60,0.73,0.66,0.62,0.59,0.69,0.51,0.65,0.61,0.63,0.47,0.59,0.50,0.67,0.56,0.61,0.62,0.63,0.69,0.70,0.58,0.51,0.64,0.16,0.56,0.70,0.69,0.57
Rubus chamaemorus,0.65,0.33,0.39,0.26,0.41,0.38,0.49,0.31,0.46,0.67,0.79,0.57,0.51,0.28,0.39,0.75,0.76,0.65,0.42,0.45,0.43,0.72,0.47,0.59,0.44,0.36,0.72,0.49,0.56,0.37,0.60,0.69,0.74,0.35,0.78,0.66,0.60,0.57,0.67,0.57,0.55,0.35,0.78,0.53,0.39,0.62,0.61,0.68,0.33,0.32,0.45,0.65,0.54,0.64,0.65,0.59,0.42,0.46,0.58,0.40,0.37,0.39,0.66,0.39,0.39,0.50,0.72,0.58,0.39,0.56,0.68,0.40,0.73,0.32,0.63,0.45,0.55,0.58,0.66,0.44,0.44,0.38,0.70,0.64,0.63,0.48,0.66,0.37,0.39,0.45,0.41,0.70,0.57,0.49,0.66,0.50,0.68,0.65,0.40,0.45,0.35,0.63,0.80,0.74,0.43,0.54,0.41,0.79,0.69,0.55,0.33,0.81,0.69,0.82,0.77,0.76,0.42,0.85,0.58,0.38,0.53,0.57,0.67,0.79,0.49,0.83,0.31,0.59,0.71,0.47,0.69,0.39,0.54,0.30,0.78,0.48,0.66,0.70,0.77,0.69,0.50,0.69,0.58,0.43,0.37,0.55,0.72,0.52,0.70,0.70,0.42,0.58,0.41,0.67,0.68,0.66,0.72,0.65,0.68,0.69,0.70,0.50,0.46,0.35,0.61,0.60,0.65,0.59,0.44,0.64,0.64,0.58,0.54,0.62,0.64,0.69,0.40,0.46,0.62,0.58,0.57,0.42,0.80,0.41,0.55,0.39,0.43,0.73,0.67,0.50,0.52,0.71,0.55,0.52,0.38,0.54,0.65,0.47,0.66,0.71,0.36,0.35,0.72,0.74,0.40,0.54,0.56,0.67,0.59,0.40,0.68,0.65,0.69,0.57,0.50,0.38,0.41,0.61,0.43,0.57,0.50,0.40,0.59,0.73,0.50,0.75,0.41,0.26,0.73,0.70,0.41,0.41,0.40,0.45,0.40,0.70,0.66,0.45,0.59,0.37,0.37,0.42,0.38,0.52,0.67,0.39,0.57,0.40,0.31,0.40,0.47,0.42,0.61,0.39,0.54,0.44,0.69,0.55,0.44,0.53,0.27,0.65,0.38,0.67,0.33,0.62,0.59,0.62,0.55,0.40,0.60,0.75,0.47,0.64,0.62,0.48,0.66,0.48,0.44,0.70,0.38,0.38,0.63,0.63,0.40,0.68,0.73,0.45,0.40,0.62,0.63,0.39,0.45,0.67,0.53,0.63,0.63,0.34,0.44,0.47,0.52,0.47,0.41,0.56,0.40,0.75,0.60,0.41,0.56,0.50,0.64,0.58,0.48,0.33,0.47,0.69,0.71,0.62,0.57,0.68,0.60,0.64,0.82,0.69,0.70,0.67,0.38,0.35,0.36,0.54,0.67,0.48,0.52,0.49,0.42,0.41,0.46,0.59,0.65,0.45,0.58,0.47,0.36,0.66,0.56,0.65,0.58,0.39,0.76,0.55,0.41,0.47,0.34,0.72,0.47,0.40,0.50,0.71,0.34,0.45,0.41,0.37,0.11,0.66,0.74,0.62,0.74,0.70,0.72,0.75,0.60,0.58,0.68,0.45,0.73,0.53,0.58,0.38,0.50,0.43,0.68,0.64,0.68,0.68,0.71,0.65,0.58,0.42,0.43,0.67,0.09,0.39,0.50,0.50,0.55
Rubus_idaeus,0.70,0.47,0.50,0.39,0.47,0.48,0.53,0.36,0.48,0.58,0.67,0.62,0.61,0.33,0.43,0.71,0.63,0.53,0.49,0.46,0.48,0.62,0.53,0.56,0.55,0.46,0.58,0.54,0.57,0.42,0.50,0.59,0.71,0.40,0.74,0.70,0.53,0.60,0.52,0.65,0.61,0.45,0.57,0.49,0.54,0.63,0.65,0.65,0.37,0.47,0.55,0.53,0.48,0.64,0.61,0.62,0.48,0.58,0.59,0.49,0.46,0.51,0.59,0.50,0.43,0.57,0.56,0.62,0.45,0.51,0.56,0.43,0.59,0.35,0.49,0.58,0.52,0.60,0.63,0.46,0.49,0.42,0.64,0.71,0.72,0.58,0.66,0.48,0.45,0.57,0.54,0.61,0.55,0.61,0.61,0.54,0.87,0.57,0.28,0.61,0.23,0.63,0.65,0.69,0.28,0.58,0.28,0.62,0.56,0.39,0.45,0.78,0.68,0.85,0.56,0.81,0.28,0.77,0.53,0.38,0.42,0.60,0.51,0.88,0.57,0.78,0.20,0.46,0.67,0.59,0.65,0.31,0.46,0.30,0.63,0.32,0.58,0.73,0.64,0.81,0.58,0.60,0.47,0.53,0.47,0.60,0.63,0.57,0.67,0.64,0.54,0.60,0.49,0.57,0.69,0.59,0.67,0.60,0.59,0.70,0.63,0.40,0.49,0.41,0.45,0.60,0.63,0.56,0.53,0.66,0.52,0.57,0.41,0.61,0.63,0.65,0.49,0.51,0.57,0.60,0.64,0.53,0.71,0.53,0.62,0.47,0.55,0.64,0.64,0.56,0.57,0.59,0.55,0.51,0.43,0.40,0.61,0.54,0.47,0.65,0.27,0.42,0.66,0.62,0.47,0.54,0.53,0.67,0.51,0.46,0.65,0.54,0.69,0.55,0.54,0.46,0.46,0.50,0.49,0.62,0.52,0.51,0.58,0.61,0.53,0.68,0.47,0.26,0.53,0.60,0.53,0.52,0.44,0.49,0.42,0.56,0.67,0.53,0.53,0.42,0.47,0.59,0.43,0.53,0.64,0.47,0.54,0.43,0.36,0.42,0.54,0.51,0.59,0.49,0.51,0.44,0.54,0.49,0.51,0.49,0.30,0.63,0.45,0.64,0.48,0.59,0.56,0.50,0.43,0.57,0.62,0.64,0.57,0.66,0.50,0.57,0.58,0.58,0.52,0.56,0.50,0.48,0.54,0.65,0.50,0.62,0.66,0.52,0.46,0.57,0.65,0.46,0.49,0.59,0.54,0.62,0.61,0.41,0.46,0.59,0.53,0.48,0.49,0.56,0.43,0.66,0.56,0.47,0.56,0.36,0.60,0.56,0.48,0.37,0.52,0.62,0.59,0.56,0.51,0.53,0.52,0.53,0.65,0.58,0.61,0.59,0.45,0.39,0.39,0.56,0.57,0.56,0.39,0.45,0.46,0.54,0.54,0.63,0.70,0.53,0.63,0.62,0.40,0.49,0.40,0.62,0.40,0.45,0.59,0.51,0.52,0.53,0.41,0.58,0.50,0.28,0.48,0.72,0.40,0.63,0.49,0.48,0.18,0.70,0.61,0.59,0.64,0.58,0.70,0.63,0.59,0.56,0.64,0.48,0.62,0.57,0.59,0.44,0.56,0.46,0.64,0.54,0.58,0.59,0.61,0.65,0.67,0.56,0.48,0.61,0.17,0.56,0.69,0.66,0.54
Sinapis alba,0.71,0.55,0.57,0.46,0.52,0.56,0.57,0.40,0.52,0.57,0.64,0.67,0.66,0.36,0.48,0.73,0.61,0.52,0.54,0.48,0.52,0.61,0.58,0.59,0.64,0.53,0.55,0.59,0.60,0.45,0.48,0.58,0.70,0.45,0.73,0.73,0.55,0.65,0.48,0.71,0.66,0.53,0.51,0.52,0.63,0.66,0.70,0.66,0.40,0.55,0.63,0.51,0.49,0.69,0.63,0.66,0.52,0.67,0.61,0.57,0.52,0.61,0.60,0.58,0.47,0.62,0.51,0.67,0.49,0.54,0.55,0.47,0.58,0.39,0.47,0.66,0.54,0.64,0.63,0.50,0.52,0.45,0.65,0.76,0.79,0.65,0.67,0.52,0.49,0.65,0.61,0.62,0.57,0.69,0.62,0.60,0.92,0.55,0.23,0.63,0.17,0.66,0.62,0.69,0.21,0.60,0.23,0.57,0.52,0.31,0.45,0.76,0.70,0.82,0.51,0.81,0.22,0.73,0.54,0.40,0.37,0.62,0.47,0.86,0.59,0.75,0.14,0.43,0.69,0.67,0.66,0.27,0.44,0.31,0.60,0.25,0.59,0.74,0.62,0.89,0.64,0.58,0.44,0.58,0.55,0.65,0.62,0.61,0.68,0.65,0.61,0.61,0.54,0.57,0.71,0.60,0.68,0.61,0.59,0.72,0.63,0.39,0.53,0.46,0.39,0.63,0.66,0.59,0.60,0.69,0.50,0.59,0.36,0.65,0.65,0.67,0.55,0.55,0.58,0.62,0.69,0.61,0.69,0.62,0.66,0.51,0.62,0.64,0.66,0.61,0.62,0.57,0.59,0.53,0.47,0.35,0.61,0.60,0.40,0.66,0.24,0.48,0.66,0.61,0.52,0.57,0.56,0.69,0.47,0.50,0.67,0.52,0.69,0.58,0.60,0.52,0.52,0.48,0.55,0.64,0.55,0.59,0.61,0.59,0.58,0.67,0.51,0.28,0.48,0.59,0.59,0.59,0.48,0.53,0.46,0.54,0.72,0.59,0.53,0.46,0.55,0.63,0.49,0.57,0.66,0.53,0.57,0.48,0.40,0.46,0.60,0.55,0.64,0.54,0.53,0.47,0.51,0.51,0.57,0.51,0.34,0.66,0.50,0.67,0.56,0.61,0.56,0.49,0.41,0.63,0.68,0.62,0.64,0.71,0.47,0.65,0.58,0.64,0.58,0.52,0.58,0.56,0.53,0.67,0.53,0.64,0.67,0.59,0.52,0.58,0.69,0.50,0.55,0.58,0.58,0.64,0.63,0.47,0.49,0.65,0.57,0.51,0.56,0.60,0.47,0.66,0.59,0.53,0.60,0.33,0.59,0.60,0.51,0.40,0.58,0.63,0.58,0.58,0.49,0.49,0.53,0.51,0.60,0.58,0.61,0.59,0.51,0.45,0.43,0.60,0.57,0.62,0.35,0.47,0.51,0.62,0.62,0.66,0.75,0.58,0.70,0.69,0.46,0.42,0.33,0.64,0.32,0.52,0.54,0.52,0.59,0.58,0.48,0.54,0.54,0.23,0.51,0.74,0.45,0.70,0.52,0.55,0.23,0.72,0.59,0.62,0.63,0.56,0.72,0.60,0.61,0.58,0.67,0.52,0.61,0.64,0.64,0.49,0.60,0.50,0.65,0.51,0.56,0.59,0.60,0.68,0.74,0.61,0.52,0.60,0.23,0.63,0.72,0.75,0.57
Solanum melongena,0.61,0.65,0.62,0.56,0.52,0.60,0.51,0.40,0.46,0.45,0.49,0.59,0.63,0.36,0.45,0.59,0.45,0.38,0.54,0.43,0.50,0.47,0.55,0.48,0.66,0.56,0.41,0.55,0.53,0.43,0.37,0.46,0.56,0.43,0.58,0.62,0.43,0.59,0.34,0.65,0.58,0.58,0.36,0.42,0.71,0.57,0.61,0.53,0.38,0.65,0.65,0.39,0.39,0.59,0.52,0.57,0.50,0.67,0.50,0.58,0.53,0.65,0.47,0.61,0.44,0.56,0.36,0.61,0.47,0.44,0.42,0.43,0.44,0.36,0.33,0.70,0.44,0.57,0.51,0.45,0.46,0.43,0.53,0.66,0.71,0.66,0.56,0.54,0.47,0.66,0.65,0.48,0.47,0.69,0.51,0.55,0.79,0.41,0.14,0.64,0.09,0.55,0.46,0.55,0.12,0.52,0.14,0.41,0.39,0.20,0.45,0.60,0.58,0.65,0.37,0.65,0.12,0.57,0.44,0.37,0.28,0.52,0.33,0.69,0.54,0.60,0.08,0.30,0.55,0.69,0.52,0.17,0.32,0.27,0.44,0.14,0.46,0.61,0.47,0.76,0.61,0.44,0.33,0.59,0.60,0.59,0.48,0.56,0.55,0.52,0.64,0.49,0.53,0.44,0.58,0.48,0.55,0.47,0.46,0.61,0.50,0.29,0.49,0.47,0.26,0.53,0.57,0.50,0.60,0.60,0.38,0.48,0.24,0.56,0.55,0.55,0.56,0.51,0.47,0.51,0.62,0.63,0.54,0.66,0.59,0.49,0.64,0.51,0.55,0.57,0.57,0.44,0.50,0.46,0.45,0.23,0.49,0.58,0.26,0.54,0.15,0.50,0.53,0.48,0.51,0.48,0.48,0.59,0.35,0.49,0.55,0.40,0.55,0.49,0.54,0.53,0.50,0.36,0.52,0.54,0.47,0.62,0.51,0.45,0.53,0.53,0.49,0.25,0.34,0.45,0.62,0.62,0.45,0.50,0.42,0.40,0.62,0.58,0.42,0.45,0.57,0.67,0.48,0.49,0.55,0.55,0.47,0.44,0.41,0.42,0.58,0.56,0.56,0.54,0.42,0.42,0.37,0.41,0.55,0.41,0.33,0.56,0.48,0.56,0.64,0.50,0.44,0.36,0.30,0.71,0.60,0.46,0.63,0.64,0.34,0.65,0.46,0.62,0.62,0.37,0.62,0.59,0.41,0.58,0.56,0.51,0.54,0.58,0.51,0.46,0.58,0.49,0.51,0.45,0.51,0.52,0.51,0.46,0.43,0.65,0.50,0.45,0.57,0.51,0.43,0.52,0.48,0.50,0.51,0.21,0.45,0.51,0.44,0.39,0.54,0.51,0.43,0.46,0.36,0.34,0.41,0.39,0.45,0.45,0.48,0.46,0.52,0.43,0.40,0.51,0.44,0.60,0.24,0.37,0.49,0.67,0.61,0.57,0.66,0.57,0.63,0.71,0.47,0.28,0.21,0.53,0.20,0.51,0.39,0.43,0.61,0.54,0.51,0.39,0.49,0.14,0.44,0.61,0.47,0.79,0.51,0.61,0.30,0.60,0.45,0.51,0.48,0.42,0.59,0.45,0.51,0.47,0.55,0.47,0.47,0.58,0.55,0.47,0.57,0.46,0.54,0.38,0.41,0.45,0.46,0.57,0.68,0.63,0.49,0.46,0.31,0.72,0.71,0.79,0.50
Vaccinium corymbosum,0.73,0.48,0.54,0.37,0.57,0.59,0.64,0.45,0.62,0.62,0.65,0.71,0.70,0.45,0.56,0.75,0.63,0.57,0.62,0.60,0.61,0.65,0.66,0.67,0.65,0.57,0.59,0.67,0.71,0.57,0.53,0.62,0.71,0.55,0.75,0.79,0.62,0.75,0.52,0.74,0.69,0.57,0.54,0.61,0.58,0.76,0.73,0.71,0.51,0.49,0.64,0.54,0.51,0.71,0.62,0.74,0.63,0.62,0.67,0.61,0.60,0.57,0.66,0.59,0.57,0.67,0.55,0.70,0.57,0.58,0.59,0.58,0.62,0.45,0.50,0.62,0.62,0.69,0.68,0.57,0.60,0.56,0.69,0.76,0.77,0.70,0.72,0.56,0.58,0.60,0.62,0.67,0.66,0.70,0.70,0.62,0.75,0.60,0.24,0.62,0.17,0.72,0.66,0.75,0.20,0.69,0.23,0.59,0.53,0.31,0.44,0.76,0.79,0.75,0.53,0.79,0.21,0.72,0.63,0.50,0.40,0.64,0.52,0.77,0.71,0.75,0.14,0.48,0.74,0.69,0.72,0.24,0.42,0.38,0.64,0.24,0.66,0.81,0.66,0.76,0.68,0.63,0.51,0.62,0.56,0.74,0.69,0.68,0.74,0.69,0.65,0.65,0.61,0.60,0.74,0.66,0.73,0.65,0.64,0.76,0.68,0.40,0.58,0.53,0.41,0.64,0.72,0.62,0.63,0.72,0.55,0.64,0.37,0.68,0.70,0.74,0.62,0.62,0.66,0.70,0.76,0.63,0.71,0.65,0.74,0.59,0.64,0.68,0.72,0.68,0.69,0.62,0.67,0.62,0.60,0.37,0.63,0.65,0.42,0.71,0.23,0.52,0.71,0.67,0.60,0.65,0.64,0.70,0.46,0.60,0.72,0.56,0.74,0.59,0.62,0.59,0.60,0.55,0.61,0.73,0.65,0.61,0.64,0.63,0.63,0.72,0.59,0.32,0.51,0.66,0.65,0.63,0.58,0.62,0.55,0.58,0.75,0.64,0.60,0.59,0.58,0.66,0.55,0.67,0.74,0.59,0.61,0.56,0.51,0.54,0.68,0.64,0.68,0.58,0.58,0.52,0.55,0.58,0.62,0.58,0.38,0.71,0.56,0.72,0.55,0.67,0.61,0.54,0.46,0.56,0.71,0.67,0.68,0.69,0.50,0.64,0.64,0.67,0.54,0.57,0.55,0.60,0.56,0.71,0.62,0.69,0.71,0.63,0.61,0.66,0.72,0.60,0.59,0.64,0.67,0.73,0.66,0.53,0.60,0.67,0.66,0.60,0.61,0.66,0.56,0.71,0.64,0.58,0.68,0.32,0.64,0.67,0.60,0.52,0.63,0.69,0.61,0.63,0.50,0.52,0.57,0.55,0.63,0.62,0.67,0.64,0.59,0.52,0.53,0.69,0.63,0.68,0.38,0.57,0.61,0.64,0.66,0.74,0.78,0.68,0.74,0.72,0.54,0.44,0.33,0.72,0.34,0.57,0.58,0.56,0.64,0.64,0.51,0.59,0.63,0.23,0.63,0.74,0.49,0.65,0.63,0.54,0.14,0.74,0.64,0.68,0.68,0.60,0.73,0.65,0.66,0.63,0.71,0.61,0.65,0.68,0.70,0.55,0.68,0.61,0.69,0.55,0.62,0.63,0.64,0.73,0.74,0.61,0.61,0.67,0.11,0.55,0.68,0.72,0.61
Vaccinium oxycoccus,0.68,0.33,0.41,0.25,0.43,0.42,0.54,0.31,0.50,0.70,0.76,0.60,0.56,0.30,0.42,0.76,0.76,0.66,0.46,0.50,0.49,0.75,0.52,0.64,0.47,0.39,0.72,0.54,0.62,0.41,0.65,0.70,0.77,0.41,0.79,0.73,0.65,0.60,0.68,0.62,0.60,0.38,0.71,0.61,0.41,0.69,0.64,0.74,0.40,0.33,0.48,0.65,0.57,0.66,0.66,0.66,0.49,0.50,0.66,0.44,0.42,0.41,0.71,0.42,0.45,0.55,0.71,0.58,0.43,0.57,0.68,0.46,0.73,0.34,0.61,0.46,0.61,0.61,0.74,0.50,0.53,0.45,0.72,0.69,0.68,0.53,0.71,0.41,0.45,0.49,0.47,0.74,0.62,0.53,0.72,0.53,0.70,0.70,0.34,0.50,0.27,0.67,0.80,0.77,0.36,0.63,0.37,0.76,0.68,0.47,0.39,0.81,0.77,0.80,0.70,0.79,0.33,0.81,0.62,0.38,0.46,0.60,0.68,0.79,0.57,0.81,0.23,0.60,0.76,0.50,0.75,0.39,0.57,0.31,0.78,0.41,0.71,0.78,0.75,0.70,0.53,0.73,0.58,0.46,0.39,0.62,0.75,0.58,0.75,0.74,0.47,0.68,0.47,0.71,0.71,0.69,0.75,0.70,0.72,0.74,0.73,0.48,0.47,0.37,0.58,0.66,0.70,0.61,0.49,0.69,0.65,0.66,0.53,0.64,0.70,0.74,0.44,0.51,0.67,0.67,0.63,0.47,0.80,0.44,0.62,0.44,0.48,0.75,0.72,0.55,0.58,0.71,0.62,0.54,0.43,0.53,0.70,0.51,0.62,0.74,0.35,0.37,0.76,0.74,0.44,0.60,0.60,0.67,0.62,0.46,0.72,0.66,0.74,0.61,0.55,0.43,0.45,0.66,0.47,0.64,0.58,0.44,0.63,0.73,0.53,0.77,0.45,0.26,0.68,0.73,0.45,0.45,0.42,0.50,0.42,0.69,0.70,0.49,0.64,0.42,0.40,0.48,0.41,0.59,0.71,0.41,0.61,0.45,0.34,0.44,0.51,0.47,0.62,0.41,0.61,0.48,0.68,0.61,0.49,0.60,0.27,0.67,0.41,0.70,0.36,0.68,0.67,0.66,0.55,0.44,0.63,0.78,0.52,0.66,0.65,0.51,0.71,0.52,0.43,0.73,0.41,0.42,0.63,0.67,0.44,0.70,0.75,0.49,0.45,0.67,0.68,0.45,0.48,0.70,0.58,0.68,0.65,0.39,0.49,0.53,0.57,0.49,0.44,0.61,0.43,0.76,0.65,0.45,0.61,0.48,0.71,0.61,0.53,0.36,0.50,0.71,0.71,0.65,0.64,0.69,0.60,0.68,0.77,0.69,0.73,0.71,0.42,0.39,0.41,0.62,0.68,0.52,0.51,0.57,0.47,0.45,0.50,0.67,0.69,0.51,0.64,0.52,0.38,0.62,0.51,0.68,0.52,0.42,0.74,0.60,0.46,0.52,0.36,0.73,0.48,0.38,0.54,0.77,0.33,0.48,0.46,0.39,0.08,0.72,0.75,0.65,0.76,0.71,0.73,0.76,0.65,0.63,0.69,0.50,0.75,0.56,0.63,0.41,0.55,0.49,0.71,0.66,0.71,0.71,0.71,0.70,0.61,0.48,0.48,0.74,0.05,0.40,0.56,0.54,0.58
Vaccinium_myrtillus,0.71,0.46,0.49,0.37,0.48,0.49,0.54,0.38,0.50,0.61,0.72,0.64,0.62,0.34,0.45,0.76,0.68,0.57,0.50,0.48,0.49,0.66,0.55,0.60,0.56,0.46,0.62,0.57,0.60,0.43,0.53,0.63,0.73,0.42,0.78,0.73,0.57,0.63,0.56,0.66,0.63,0.46,0.62,0.52,0.53,0.66,0.68,0.68,0.38,0.45,0.56,0.56,0.51,0.68,0.65,0.65,0.50,0.59,0.61,0.51,0.47,0.52,0.63,0.50,0.44,0.59,0.60,0.64,0.46,0.54,0.60,0.45,0.63,0.37,0.53,0.57,0.55,0.63,0.66,0.48,0.50,0.43,0.68,0.73,0.74,0.59,0.69,0.48,0.46,0.58,0.53,0.65,0.58,0.61,0.65,0.57,0.85,0.59,0.30,0.57,0.25,0.66,0.70,0.73,0.30,0.60,0.31,0.67,0.60,0.41,0.42,0.83,0.72,0.90,0.61,0.85,0.30,0.83,0.56,0.40,0.45,0.61,0.55,0.91,0.57,0.83,0.22,0.50,0.71,0.59,0.69,0.33,0.49,0.31,0.68,0.35,0.62,0.76,0.69,0.82,0.60,0.63,0.50,0.53,0.47,0.63,0.67,0.59,0.71,0.68,0.54,0.61,0.50,0.61,0.72,0.63,0.71,0.63,0.63,0.73,0.67,0.43,0.51,0.43,0.48,0.63,0.67,0.60,0.54,0.70,0.56,0.60,0.44,0.64,0.67,0.69,0.49,0.52,0.60,0.61,0.67,0.54,0.75,0.53,0.64,0.48,0.55,0.69,0.68,0.58,0.59,0.63,0.58,0.54,0.44,0.43,0.64,0.56,0.51,0.69,0.29,0.43,0.70,0.67,0.48,0.57,0.56,0.69,0.53,0.47,0.69,0.58,0.72,0.58,0.56,0.47,0.48,0.53,0.51,0.64,0.54,0.51,0.60,0.66,0.56,0.73,0.48,0.28,0.58,0.64,0.52,0.52,0.46,0.51,0.44,0.60,0.71,0.54,0.56,0.43,0.47,0.56,0.45,0.55,0.68,0.47,0.57,0.45,0.37,0.43,0.56,0.52,0.63,0.50,0.53,0.47,0.58,0.52,0.52,0.52,0.32,0.67,0.47,0.68,0.46,0.62,0.59,0.54,0.47,0.54,0.65,0.68,0.58,0.69,0.53,0.59,0.62,0.59,0.53,0.60,0.49,0.49,0.57,0.67,0.49,0.66,0.71,0.54,0.48,0.60,0.68,0.47,0.51,0.62,0.57,0.65,0.63,0.42,0.48,0.58,0.56,0.50,0.50,0.59,0.45,0.71,0.60,0.49,0.59,0.39,0.63,0.60,0.51,0.38,0.53,0.66,0.63,0.59,0.54,0.57,0.55,0.57,0.70,0.62,0.66,0.63,0.46,0.41,0.41,0.58,0.61,0.57,0.42,0.48,0.48,0.53,0.56,0.65,0.74,0.54,0.66,0.60,0.42,0.53,0.43,0.65,0.43,0.46,0.64,0.54,0.53,0.55,0.42,0.62,0.53,0.30,0.51,0.75,0.42,0.60,0.50,0.48,0.17,0.72,0.65,0.62,0.68,0.62,0.73,0.67,0.61,0.59,0.68,0.50,0.66,0.60,0.62,0.45,0.57,0.48,0.67,0.56,0.61,0.63,0.64,0.68,0.68,0.55,0.50,0.65,0.16,0.53,0.65,0.65,0.57
Vicia faba,0.70,0.58,0.59,0.49,0.53,0.58,0.57,0.40,0.50,0.54,0.59,0.65,0.67,0.36,0.47,0.69,0.57,0.48,0.55,0.47,0.52,0.58,0.58,0.57,0.65,0.54,0.51,0.59,0.59,0.45,0.46,0.55,0.66,0.45,0.69,0.71,0.53,0.64,0.44,0.71,0.65,0.55,0.47,0.50,0.65,0.65,0.68,0.64,0.40,0.58,0.64,0.48,0.47,0.67,0.60,0.65,0.53,0.67,0.59,0.58,0.52,0.62,0.57,0.59,0.47,0.62,0.47,0.66,0.50,0.51,0.52,0.47,0.54,0.38,0.43,0.67,0.52,0.63,0.61,0.50,0.52,0.45,0.62,0.74,0.78,0.66,0.65,0.53,0.49,0.66,0.63,0.58,0.55,0.70,0.60,0.60,0.90,0.51,0.20,0.64,0.14,0.64,0.57,0.66,0.18,0.60,0.20,0.52,0.49,0.28,0.46,0.72,0.68,0.77,0.47,0.77,0.18,0.69,0.52,0.39,0.34,0.59,0.43,0.81,0.58,0.71,0.12,0.40,0.66,0.68,0.63,0.24,0.40,0.29,0.55,0.21,0.56,0.71,0.57,0.86,0.64,0.54,0.41,0.60,0.57,0.64,0.58,0.61,0.66,0.62,0.62,0.59,0.55,0.54,0.68,0.57,0.65,0.58,0.56,0.70,0.60,0.37,0.52,0.46,0.35,0.62,0.64,0.58,0.60,0.67,0.47,0.57,0.33,0.63,0.64,0.64,0.55,0.55,0.55,0.61,0.68,0.62,0.65,0.64,0.65,0.51,0.63,0.61,0.64,0.61,0.62,0.54,0.57,0.52,0.47,0.32,0.58,0.60,0.36,0.63,0.21,0.49,0.63,0.58,0.52,0.56,0.54,0.66,0.44,0.51,0.65,0.50,0.66,0.57,0.59,0.53,0.52,0.45,0.54,0.63,0.54,0.60,0.59,0.55,0.57,0.63,0.52,0.27,0.44,0.56,0.60,0.61,0.47,0.54,0.45,0.50,0.70,0.60,0.50,0.46,0.55,0.65,0.49,0.56,0.64,0.53,0.55,0.47,0.40,0.45,0.60,0.56,0.62,0.54,0.50,0.47,0.47,0.49,0.57,0.50,0.34,0.64,0.50,0.64,0.58,0.59,0.54,0.46,0.39,0.67,0.66,0.57,0.65,0.70,0.43,0.65,0.56,0.64,0.60,0.48,0.60,0.57,0.50,0.65,0.54,0.61,0.63,0.59,0.52,0.55,0.67,0.50,0.54,0.55,0.57,0.62,0.60,0.47,0.48,0.66,0.56,0.50,0.56,0.58,0.46,0.62,0.56,0.52,0.58,0.29,0.56,0.58,0.50,0.40,0.57,0.60,0.54,0.55,0.45,0.45,0.50,0.48,0.56,0.54,0.58,0.56,0.51,0.45,0.43,0.58,0.54,0.62,0.32,0.45,0.51,0.64,0.62,0.65,0.74,0.58,0.69,0.70,0.46,0.38,0.30,0.62,0.29,0.52,0.49,0.51,0.60,0.57,0.48,0.50,0.53,0.20,0.50,0.71,0.46,0.73,0.53,0.57,0.25,0.69,0.55,0.59,0.59,0.52,0.69,0.56,0.59,0.56,0.64,0.51,0.57,0.63,0.63,0.49,0.60,0.50,0.62,0.48,0.52,0.55,0.56,0.66,0.73,0.62,0.52,0.57,0.26,0.65,0.72,0.77,0.55
