,"binary_Aglaoapis_tridentata_(Nylander,_1848)","binary_Amegilla_albigena_(Lepeletier,_1841)","binary_Amegilla_garrula_(Rossi,_1790)","binary_Amegilla_quadrifasciata_(de_Villers,_1789)","binary_Andrena_afzeliella_(Kirby,_1802)","binary_Andrena_agilissima_(Scopoli,_1770)","binary_Andrena_alfkenella_Perkins,_1914","binary_Andrena_angustior_(Kirby,_1802)","binary_Andrena_apicata_Smith,_1847","binary_Andrena_argentata_Smith,_1844","binary_Andrena_barbilabris_(Kirby,_1802)","binary_Andrena_bicolor_Fabricius,_1775","binary_Andrena_bimaculata_(Kirby,_1802)","binary_Andrena_bucephala_Stephens,_1846","binary_Andrena_chrysosceles_(Kirby,_1802)","binary_Andrena_cineraria_(Linnaeus,_1758)","binary_Andrena_clarkella_(Kirby,_1802)","binary_Andrena_coitana_(Kirby,_1802)","binary_Andrena_combinata_(Christ,_1791)","binary_Andrena_congruens_Schmiedeknecht,_1884","binary_Andrena_curvungula_Thomson,_1870","binary_Andrena_denticulata_(Kirby,_1802)","binary_Andrena_dorsata_(Kirby,_1802)","binary_Andrena_falsifica_Perkins,_1915","binary_Andrena_flavipes_Panzer,_1799","binary_Andrena_florea_Fabricius,_1793","binary_Andrena_fucata_Smith,_1847","binary_Andrena_fulva_(Müller,_1766)","binary_Andrena_fulvago_(Christ,_1791)","binary_Andrena_fulvata_Stoeckhert,_1930","binary_Andrena_fulvida_Schenck,_1853","binary_Andrena_fuscipes_(Kirby,_1802)","binary_Andrena_gelriae_van_der_Vecht,_1927","binary_Andrena_gravida_Imhoff,_1832","binary_Andrena_haemorrhoa_(Fabricius,_1781)","binary_Andrena_hattorfiana_(Fabricius,_1775)","binary_Andrena_helvola_(Linnaeus,_1758)","binary_Andrena_humilis_Imhoff,_1832","binary_Andrena_intermedia_Thomson,_1870","binary_Andrena_labialis_(Kirby,_1802)","binary_Andrena_labiata_Fabricius,_1781","binary_Andrena_lagopus_Latreille,_1809","binary_Andrena_lapponica_Zetterstedt,_1838","binary_Andrena_lathyri_Alfken,_1899","binary_Andrena_limata_Smith,_1853","binary_Andrena_marginata_Fabricius,_1776","binary_Andrena_minutula_(Kirby,_1802)","binary_Andrena_minutuloides_Perkins,_1914","binary_Andrena_mitis_Schmiedeknecht,_1883","binary_Andrena_morio_Brullé,_1832","binary_Andrena_nana_(Kirby,_1802)","binary_Andrena_nanula_Nylander,_1848","binary_Andrena_nigriceps_(Kirby,_1802)","binary_Andrena_nigroaenea_(Kirby,_1802)","binary_Andrena_nigrospina_Thomson,_1872","binary_Andrena_nitida_(Müller,_1776)","binary_Andrena_nitidiuscula_Schenck,_1853","binary_Andrena_niveata_Friese,_1887","binary_Andrena_nycthemera_Imhoff,_1868","binary_Andrena_ovatula_(Kirby,_1802)","binary_Andrena_pandellei_Pérez,_1895","binary_Andrena_pilipes_Fabricius,_1781","binary_Andrena_praecox_(Scopoli,_1763)","binary_Andrena_propinqua_Schenck,_1853","binary_Andrena_proxima_(Kirby,_1802)","binary_Andrena_rosae_Panzer,_1801","binary_Andrena_ruficrus_Nylander,_1848","binary_Andrena_russula_Lepeletier,_1841","binary_Andrena_schencki_Morawitz,_1866","binary_Andrena_scotica_Perkins,_1917","binary_Andrena_semilaevis_Pérez,_1903","binary_Andrena_strohmella_Stoeckhert,_1928","binary_Andrena_subopaca_Nylander,_1848","binary_Andrena_synadelpha_Perkins,_1914","binary_Andrena_tarsata_Nylander,_1848","binary_Andrena_thoracica_(Fabricius,_1775)","binary_Andrena_tibialis_(Kirby,_1802)","binary_Andrena_trimmerana_(Kirby,_1802)","binary_Andrena_vaga_Panzer,_1799","binary_Andrena_varians_(Kirby,_1802)","binary_Andrena_ventralis_Imhoff,_1832","binary_Andrena_viridescens_Viereck,_1916","binary_Andrena_wilkella_(Kirby,_1802)","binary_Anthidiellum_strigatum_(Panzer,_1805)","binary_Anthidium_manicatum_(Linnaeus,_1758)","binary_Anthidium_oblongatum_(Illiger,_1806)","binary_Anthidium_punctatum_Latreille,_1809","binary_Anthidium_septemspinosum_Lepeletier,_1841","binary_Anthophora_aestivalis_(Panzer,_1801)","binary_Anthophora_bimaculata_(Panzer,_1798)","binary_Anthophora_crinipes_Smith,_1854","binary_Anthophora_furcata_(Panzer,_1798)","binary_Anthophora_plagiata_(Illiger,_1806)","binary_Anthophora_plumipes_(Pallas,_1772)","binary_Anthophora_quadrimaculata_(Panzer,_1798)","binary_Anthophora_retusa_(Linnaeus,_1758)","binary_Apis_mellifera_Linnaeus,_1758","binary_Biastes_truncatus_(Nylander,_1848)","binary_Bombus_alpinus_(Linnaeus,_1758)","binary_Bombus_argillaceus_(Scopoli,_1763)","binary_Bombus_balteatus_Dahlbom,_1832","binary_Bombus_barbutellus_(Kirby,_1802)","binary_Bombus_bohemicus_(Seidl,_1838)","binary_Bombus_campestris_(Panzer,_1801)","binary_Bombus_cingulatus_Wahlberg,_1854","binary_Bombus_confusus_Schenck,_1861","binary_Bombus_consobrinus_Dahlbom,_1832","binary_Bombus_cryptarum_(Fabricius,_1775)","binary_Bombus_distinguendus_Morawitz,_1869","binary_Bombus_flavidus_Eversmann,_1852","binary_Bombus_haematurus_Kriechbaumer,_1870","binary_Bombus_hortorum_(Linnaeus,_1761)","binary_Bombus_humilis_Illiger,_1806","binary_Bombus_hypnorum_(Linnaeus,_1758)","binary_Bombus_jonellus_(Kirby,_1802)","binary_Bombus_lapidarius_(Linnaeus,_1758)","binary_Bombus_lapponicus_(Fabricius,_1793)","binary_Bombus_lucorum_(Linnaeus,_1761)","binary_Bombus_magnus_Vogt,_1911","binary_Bombus_mesomelas_Gerstäcker,_1869","binary_Bombus_monticola_Smith,_1849","binary_Bombus_muscorum_(Linnaeus,_1758)","binary_Bombus_norvegicus_(Sparre-Schneider,_1918)","binary_Bombus_pascuorum_(Scopoli,_1763)","binary_Bombus_pomorum_(Panzer,_1805)","binary_Bombus_pratorum_(Linnaeus,_1761)","binary_Bombus_pyrrhopygus_Friese,_1902","binary_Bombus_quadricolor_(Lepeletier,_1832)","binary_Bombus_ruderarius_(Müller,_1776)","binary_Bombus_ruderatus_(Fabricius,_1775)","binary_Bombus_rupestris_(Fabricius,_1793)","binary_Bombus_schrencki_Morawitz,_1881","binary_Bombus_semenoviellus_Skorikov,_1910","binary_Bombus_sichelii_Radoszkowski,_1860","binary_Bombus_soroeensis_(Fabricius,_1776)","binary_Bombus_sporadicus_Nylander,_1848","binary_Bombus_subterraneus_(Linnaeus,_1758)","binary_Bombus_sylvarum_(Linnaeus,_1761)","binary_Bombus_sylvestris_(Lepeletier,_1832)","binary_Bombus_terrestris_(Linnaeus,_1758)","binary_Bombus_vestalis_(Geoffroy,_1785)","binary_Bombus_veteranus_(Fabricius,_1793)","binary_Bombus_wurflenii_Radoszkowski,_1860","binary_Ceratina_chalybea_Chevrier,_1872","binary_Ceratina_cucurbitina_(Rossi,_1792)","binary_Ceratina_cyanea_(Kirby,_1802)","binary_Chelostoma_campanularum_(Kirby,_1802)","binary_Chelostoma_distinctum_(Stoeckhert,_1929)","binary_Chelostoma_florisomne_(Linnaeus,_1758)","binary_Chelostoma_rapunculi_(Lepeletier,_1841)","binary_Coelioxys_afer_Lepeletier,_1841","binary_Coelioxys_alatus_Förster,_1853","binary_Coelioxys_aurolimbatus_Förster,_1853","binary_Coelioxys_conicus_Linnaeus,_1758","binary_Coelioxys_conoideus_(Illiger,_1806)","binary_Coelioxys_elongatus_Lepeletier,_1841","binary_Coelioxys_inermis_(Kirby,_1802)","binary_Coelioxys_mandibularis_Nylander,_1848","binary_Coelioxys_rufescens_Lepeletier_and_Audinet-Serville,_1825","binary_Colletes_cunicularius_(Linnaeus,_1761)","binary_Colletes_daviesanus_Smith,_1846","binary_Colletes_floralis_Eversmann,_1852","binary_Colletes_fodiens_(Geoffroy,_1785)","binary_Colletes_hederae_Schmidt_and_Westrich,_1993","binary_Colletes_impunctatus_Nylander,_1852","binary_Colletes_marginatus_Smith,_1846","binary_Colletes_similis_Schenck,_1853","binary_Colletes_succinctus_(Linnaeus,_1758)","binary_Dasypoda_argentata_Panzer,_1809","binary_Dasypoda_hirtipes_(Fabricius,_1793)","binary_Dufourea_dentiventris_(Nylander,_1848)","binary_Epeoloides_coecutiens_(Fabricius,_1775)","binary_Epeolus_alpinus_Friese,_1893","binary_Epeolus_cruciger_(Panzer,_1799)","binary_Epeolus_variegatus_(Linnaeus,_1758)","binary_Eucera_longicornis_(Linnaeus,_1758)","binary_Eucera_nigrescens_Pérez,_1879","binary_Halictus_compressus_(Walckenaer,_1802)","binary_Halictus_confusus_Smith,_1853","binary_Halictus_leucaheneus_Ebmer,_1972","binary_Halictus_maculatus_Smith,_1848","binary_Halictus_quadricinctus_(Fabricius,_1776)","binary_Halictus_rubicundus_(Christ,_1791)","binary_Halictus_scabiosae_(Rossi,_1790)","binary_Halictus_sexcinctus_(Fabricius,_1775)","binary_Halictus_simplex_Blüthgen,_1923","binary_Halictus_subauratus_(Rossi,_1792)","binary_Halictus_tumulorum_(Linnaeus,_1758)","binary_Heriades_truncorum_(Linnaeus,_1758)","binary_Hoplitis_adunca_(Panzer,_1798)","binary_Hoplitis_anthocopoides_(Schenck,_1853)","binary_Hoplitis_claviventris_(Thomson,_1872)","binary_Hoplitis_leucomelana_(Kirby,_1802)","binary_Hoplitis_mitis_(Nylander,_1852)","binary_Hoplitis_tridentata_(Dufour_and_Perris,_1840)","binary_Hoplitis_tuberculata_(Nylander,_1848)","binary_Hylaeus_angustatus_(Schenck,_1861)","binary_Hylaeus_annularis_(Kirby,_1802)","binary_Hylaeus_annulatus_(Linnaeus,_1758)","binary_Hylaeus_brevicornis_Nylander,_1852","binary_Hylaeus_cardioscapus_Cockerell,_1924","binary_Hylaeus_clypearis_(Schenck,_1853)","binary_Hylaeus_communis_Nylander,_1852","binary_Hylaeus_confusus_Nylander,_1852","binary_Hylaeus_cornutus_Curtis,_1831","binary_Hylaeus_difformis_(Eversmann,_1852)","binary_Hylaeus_dilatatus_(Kirby,_1802)","binary_Hylaeus_gibbus_Saunders,_1850","binary_Hylaeus_gracilicornis_(Morawitz,_1867)","binary_Hylaeus_gredleri_Förster,_1871","binary_Hylaeus_hyalinatus_Smith,_1842","binary_Hylaeus_incongruus_Förster,_1871","binary_Hylaeus_nigritus_(Fabricius,_1798)","binary_Hylaeus_pectoralis_Förster,_1871","binary_Hylaeus_pictipes_Nylander,_1852","binary_Hylaeus_punctatus_(Brullé,_1832)","binary_Hylaeus_punctulatissimus_Smith,_1842","binary_Hylaeus_rinki_(Górski,_1852)","binary_Hylaeus_signatus_(Panzer,_1798)","binary_Hylaeus_sinuatus_(Schenck,_1853)","binary_Hylaeus_styriacus_Förster,_1871","binary_Hylaeus_variegatus_(Fabricius,_1798)","binary_Lasioglossum_aeratum_(Kirby,_1802)","binary_Lasioglossum_albipes_(Fabricius,_1781)","binary_Lasioglossum_brevicorne_(Schenck,_1869)","binary_Lasioglossum_calceatum_(Scopoli,_1763)","binary_Lasioglossum_costulatum_(Kriechbaumer,_1873)","binary_Lasioglossum_cupromicans_(Pérez,_1903)","binary_Lasioglossum_fratellus_(Pérez,_1903)","binary_Lasioglossum_fulvicorne_(Kirby,_1802)","binary_Lasioglossum_glabriusculum_(Morawitz,_1872)","binary_Lasioglossum_interruptum_(Panzer,_1798)","binary_Lasioglossum_laevigatum_(Kirby,_1802)","binary_Lasioglossum_laticeps_(Schenck,_1869)","binary_Lasioglossum_lativentre_(Schenck,_1853)","binary_Lasioglossum_leucopus_(Kirby,_1802)","binary_Lasioglossum_leucozonium_(Schrank,_1781)","binary_Lasioglossum_lineare_(Schenck,_1869)","binary_Lasioglossum_lucidulum_(Schenck,_1861)","binary_Lasioglossum_majus_(Nylander,_1852)","binary_Lasioglossum_malachurum_(Kirby,_1802)","binary_Lasioglossum_marginatum_(Brullé,_1832)","binary_Lasioglossum_minutissimum_(Kirby,_1802)","binary_Lasioglossum_monstrificum_(Morawitz,_1891)","binary_Lasioglossum_morio_(Fabricius,_1793)","binary_Lasioglossum_nigripes_(Lepeletier,_1841)","binary_Lasioglossum_nitidiusculum_(Kirby,_1802)","binary_Lasioglossum_nitidulum_(Fabricius,_1804)","binary_Lasioglossum_pallens_(Brullé,_1832)","binary_Lasioglossum_parvulum_(Schenck,_1853)","binary_Lasioglossum_pauxillum_(Schenck,_1853)","binary_Lasioglossum_politum_(Schenck,_1853)","binary_Lasioglossum_punctatissimum_(Schenck,_1853)","binary_Lasioglossum_puncticolle_(Morawitz,_1872)","binary_Lasioglossum_quadrinotatulum_(Schenck,_1861)","binary_Lasioglossum_quadrinotatum_(Kirby,_1802)","binary_Lasioglossum_rufitarse_(Zetterstedt,_1838)","binary_Lasioglossum_semilucens_(Alfken,_1914)","binary_Lasioglossum_sexnotatum_(Kirby,_1802)","binary_Lasioglossum_sexstrigatum_(Schenck,_1869)","binary_Lasioglossum_smeathmanellum_(Kirby,_1802)","binary_Lasioglossum_villosulum_(Kirby,_1802)","binary_Lasioglossum_xanthopus_(Kirby,_1802)","binary_Lasioglossum_zonulum_(Smith,_1848)","binary_Lithurgus_chrysurus_Fonscolombe,_1834","binary_Macropis_europaea_Warncke,_1973","binary_Macropis_fulvipes_(Fabricius,_1804)","binary_Megachile_alpicola_Alfken,_1924","binary_Megachile_analis_Nylander,_1852","binary_Megachile_apicalis_Spinola,_1808","binary_Megachile_centuncularis_(Linnaeus,_1758)","binary_Megachile_circumcincta_(Kirby,_1802)","binary_Megachile_ericetorum_Lepeletier,_1841","binary_Megachile_lagopoda_(Linnaeus,_1761)","binary_Megachile_lapponica_Thomson,_1872","binary_Megachile_leachella_Curtis,_1828","binary_Megachile_ligniseca_(Kirby,_1802)","binary_Megachile_maritima_(Kirby,_1802)","binary_Megachile_melanopyga_Costa,_1863","binary_Megachile_nigriventris_Schenck,_1869","binary_Megachile_parietina_(Geoffroy,_1785)","binary_Megachile_pilidens_Alfken,_1924","binary_Megachile_pyrenaea_Pérez,_1890","binary_Megachile_rotundata_(Fabricius,_1787)","binary_Megachile_sculpturalis_Smith,_1853","binary_Megachile_versicolor_Smith,_1844","binary_Megachile_willughbiella_(Kirby,_1802)","binary_Melecta_albifrons_(Forster,_1771)","binary_Melecta_luctuosa_(Scopoli,_1770)","binary_Melitta_haemorrhoidalis_(Fabricius,_1775)","binary_Melitta_leporina_(Panzer,_1799)","binary_Melitta_nigricans_Alfken,_1905","binary_Melitta_tricincta_Kirby,_1802","binary_Nomada_alboguttata_Herrich-Schäffer,_1839","binary_Nomada_argentata_Herrich-Schäffer,_1839","binary_Nomada_armata_Herrich-Schäffer,_1839","binary_Nomada_baccata_Smith,_1844","binary_Nomada_bifasciata_Olivier,_1812","binary_Nomada_conjungens_Herrich-Schäffer,_1839","binary_Nomada_distinguenda_Morawitz,_1874","binary_Nomada_fabriciana_(Linné,_1767)","binary_Nomada_facilis_Schwarz,_1967","binary_Nomada_femoralis_Morawitz,_1869","binary_Nomada_ferruginata_(Linné,_1767)","binary_Nomada_flava_Panzer,_1798","binary_Nomada_flavoguttata_(Kirby,_1802)","binary_Nomada_flavopicta_(Kirby,_1802)","binary_Nomada_fucata_Panzer,_1798","binary_Nomada_fulvicornis_Fabricius,_1793","binary_Nomada_fusca_Schwarz,_1986","binary_Nomada_fuscicornis_Nylander,_1848","binary_Nomada_goodeniana_(Kirby,_1802)","binary_Nomada_guttulata_Schenck,_1861","binary_Nomada_hirtipes_Pérez,_1884","binary_Nomada_integra_Brullé,_1832","binary_Nomada_lathburiana_(Kirby,_1802)","binary_Nomada_leucophthalma_(Kirby,_1802)","binary_Nomada_marshamella_(Kirby,_1802)","binary_Nomada_moeschleri_Alfken,_1913","binary_Nomada_obscura_Zetterstedt,_1838","binary_Nomada_obtusifrons_Nylander,_1848","binary_Nomada_opaca_Alfken,_1913","binary_Nomada_panzeri_Lepeletier,_1841","binary_Nomada_roberjeotiana_Panzer,_1799","binary_Nomada_ruficornis_(Linnaeus,_1758)","binary_Nomada_rufipes_Fabricius,_1793","binary_Nomada_sexfasciata_Panzer,_1799","binary_Nomada_sheppardana_(Kirby,_1802)","binary_Nomada_signata_Jurine,_1807","binary_Nomada_stigma_Fabricius,_1804","binary_Nomada_striata_Fabricius,_1793","binary_Nomada_succincta_Panzer,_1798","binary_Nomada_tormentillae_Alfken,_1901","binary_Nomada_villosa_Thomson,_1870","binary_Nomada_zonata_Panzer,_1798","binary_Osmia_andrenoides_Spinola,_1808","binary_Osmia_aurulenta_(Panzer,_1799)","binary_Osmia_bicolor_(Schrank,_1781)","binary_Osmia_bicornis_(Linnaeus,_1758)","binary_Osmia_brevicornis_(Fabricius,_1798)","binary_Osmia_caerulescens_(Linnaeus,_1758)","binary_Osmia_cornuta_(Latreille,_1805)","binary_Osmia_gallarum_Spinola,_1808","binary_Osmia_inermis_(Zetterstedt,_1838)","binary_Osmia_laticeps_Thomson,_1872","binary_Osmia_leaiana_(Kirby,_1802)","binary_Osmia_nigriventris_(Zetterstedt,_1838)","binary_Osmia_niveata_(Fabricius,_1804)","binary_Osmia_parietina_Curtis,_1828","binary_Osmia_pilicornis_Smith,_1846","binary_Osmia_rufohirta_Latreille,_1811","binary_Osmia_spinulosa_(Kirby,_1802)","binary_Osmia_submicans_Morawitz,_1870","binary_Osmia_uncinata_Gerstäcker,_1869","binary_Osmia_xanthomelana_(Kirby,_1802)","binary_Panurginus_romani_Aurivillius,_1914","binary_Panurgus_banksianus_(Kirby,_1802)","binary_Panurgus_calcaratus_(Scopoli,_1763)","binary_Panurgus_dentipes_Latreille,_1811","binary_Pseudapis_diversipes_(Latreille,_1806)","binary_Pseudoanthidium_nanum_(Mocsáry,_1881)","binary_Rhodanthidium_septemdentatum_(Latreille,_1809)","binary_Rhodanthidium_sticticum_(Fabricius,_1787)","binary_Sphecodes_albilabris_(Fabricius,_1793)","binary_Sphecodes_crassus_Thomson,_1870","binary_Sphecodes_ephippius_(Linné,_1767)","binary_Sphecodes_ferruginatus_Hagens,_1882","binary_Sphecodes_geoffrellus_(Kirby,_1802)","binary_Sphecodes_gibbus_(Linnaeus,_1758)","binary_Sphecodes_hyalinatus_Hagens,_1882","binary_Sphecodes_longulus_Hagens,_1882","binary_Sphecodes_miniatus_Hagens,_1882","binary_Sphecodes_monilicornis_(Kirby,_1802)","binary_Sphecodes_niger_Hagens,_1874","binary_Sphecodes_pellucidus_Smith,_1845","binary_Sphecodes_puncticeps_Thomson,_1870","binary_Sphecodes_reticulatus_Thomson,_1870","binary_Sphecodes_rubicundus_Hagens,_1875","binary_Sphecodes_rufiventris_(Panzer,_1798)","binary_Sphecodes_scabricollis_Wesmael,_1865","binary_Stelis_breviuscula_(Nylander,_1848)","binary_Stelis_minima_Schenck,_1861","binary_Stelis_minuta_Lepeletier_and_Audinet-Serville,_1828","binary_Stelis_ornatula_(Klug,_1808)","binary_Stelis_phaeoptera_(Kirby,_1802)","binary_Stelis_punctulatissima_(Kirby,_1802)","binary_Stelis_signata_(Latreille,_1809)","binary_Tetralonia_malvae_(Rossi,_1790)","binary_Thyreus_orbatus_(Lepeletier,_1841)","binary_Trachusa_byssina_(Panzer,_1798)","binary_Xylocopa_cantabrita_Lepeletier,_1841","binary_Xylocopa_iris_(Christ,_1791)","binary_Xylocopa_valga_Gerstäcker,_1872","binary_Xylocopa_violacea_(Linnaeus,_1758)",mean
Actinidia deliciosa,42.46,3.18,2.3,0.15,39.85,24.23,47.43,42.43,53.42,24.59,47.91,72.05,55.57,27.2,44.22,76.44,48.06,26.98,26.89,7.54,31.92,43.1,59.69,33.25,64.35,48.15,33.62,75.56,50.64,10.9,7.93,43.64,30.71,39.34,72.68,68.9,49.67,62.27,3.27,56.21,51.48,20.41,12.6,28.44,5.42,63.42,71.17,43.85,25.29,9.27,27.17,6.21,28.35,68.93,33.92,50.73,22.86,57.15,43.55,56.39,31.59,62.81,52.7,31.53,26.04,53.48,11.9,47.49,19.41,39.22,36.55,22.96,46.18,37.55,18.17,40.49,54.18,64.72,51.88,41.79,30.59,23.38,54.78,51.18,85.01,31.13,46.88,9.21,26.74,58.48,8.63,49.09,43.79,73.02,55.94,58.78,69.65,7.96,0,1.79,0,57.12,39.49,59.09,0.09,31.1,0.27,19.72,20.87,0.03,0.42,74.83,58.72,76.11,15.9,89.85,0,54.78,39.4,1.57,10.42,44.67,9.24,80.59,30.53,76.04,0,2.73,55.84,67.81,73.14,0,0.33,0.3,14.6,0.03,30.13,73.29,48.39,84.25,70.26,28.29,1.48,28.71,20.81,64.87,43.19,30.07,52.27,41.61,32.16,43.7,33.49,15.96,73.89,53.57,58.48,40.49,29.04,74.2,58.42,3.51,45.37,47.94,0.76,43.13,61.78,42.91,39.73,65.57,9.6,43.1,0.48,52,52.51,55.54,33.71,36.52,50.27,53.88,42.67,48.24,54.69,42.55,45.67,26.32,35.31,55.39,52.88,47.55,43.94,25.53,42.79,6.36,33.28,0.76,8.21,58.36,0.67,48.61,0,29.8,48.09,45.49,44.4,26.62,47.46,39.31,0.18,28.38,60.51,6.72,38.31,36.58,49.88,24.5,35.71,12.3,48.88,24.23,17.29,35.71,19.14,34.52,59.45,59.51,24.35,16.29,12.96,43.4,24.47,28.98,38.13,32.4,43.19,35.25,67.63,25.86,20.53,26.41,45.46,14.29,49.55,34.16,57.03,19.11,54.94,33.71,14.51,33.53,55.27,23.08,54.51,35.68,38.46,37.67,20.38,17.14,47.09,32.86,24.59,62.45,56.6,50.27,13.57,48.15,22.44,9.06,6.9,3.3,74.98,28.86,53.63,40.4,2.63,46.97,35.68,66.14,4.36,5.15,6.12,28.98,6.9,45.12,10.54,58.63,67.41,59.15,43.25,38.49,73.92,38.28,46.37,43.37,64.66,51.76,63.29,33.95,37.58,26.65,58.33,33.28,28.8,54.75,46.49,57.9,60.18,52.63,61.42,1.45,30.62,65.45,34.77,30.98,29.56,59.93,47.46,47.7,9.48,8.54,23.89,6.9,43.25,24.32,53.97,43,27.71,38.58,41.13,51.09,49.18,42.19,1.7,10.63,36.49,26.77,70.78,68.02,86.77,36.1,70.29,56.09,19.17,3.21,0.7,55.12,0.67,25.62,8.48,18.08,26.35,51.24,6.33,11.93,4.36,0.27,48.46,52.54,20.84,7,22.2,4.75,0.15,60.15,41.19,58.93,46.09,42.25,63.26,37.4,43.64,49.39,61.87,39.64,37.22,54.36,64.32,40.88,21.71,27.04,45.97,4.94,16.66,32.13,44.97,67.41,45.97,19.11,28.07,17.38,0,5.18,8.21,58.87,37.28
Brassica napus,22.18,12.79,11.35,6.07,23.16,18.92,19.74,13.56,16.8,15.58,23.26,31.32,26.08,8.81,13.56,34.73,24.96,18.52,13.21,7.39,14.8,20.55,20.67,21.31,26.52,18.85,19.22,28.64,23.55,7.09,10.37,20.43,23.43,15.47,35.14,33.26,22.44,24.15,8.29,24.23,24.54,16.07,11.35,16.82,14.08,27.22,32.88,23.47,9.41,15.45,14.4,10.97,14.12,27.83,17.24,23.27,10.94,23.5,16.63,20.48,15.51,23.34,24.18,20.22,10.75,20.1,13.93,21.19,9.94,15.21,21.64,10.55,25.6,9.96,15.46,23.21,22.75,27.3,23.98,13.15,11.13,9.57,28.44,25.35,37.57,19.63,25.53,8.2,13.84,24.13,13.7,23.7,20.75,30.82,24.52,22.33,39.55,14.19,0.17,14.02,0.11,25.86,24.11,30.94,0.52,15.05,1.45,15.69,14.56,0.92,9.21,37.15,33.48,35.31,11.57,43.13,1.05,29.53,19.28,2.46,6.44,19.97,12.33,39.56,13.94,34.95,0.18,8.59,29.73,29.57,31.45,1.85,4.56,1.44,15.89,0.96,18.97,36.15,25.55,46.04,24.23,14.82,4.56,15.83,17.61,31.94,23.24,13.62,25.46,21.74,18.39,18.65,13.06,12.92,25.58,25.66,27.11,20.14,17.02,32.27,25.07,7.97,15.46,17.42,4.4,18.23,27.27,20.42,21.16,26.54,11.15,16.73,4.92,22.44,26.07,27.9,18.78,17.8,22.79,23.94,23.98,22.55,25.08,25.43,25.35,13.45,20.68,26.41,26.73,20.62,19.85,16.87,21.8,6.24,15.68,5.44,11.78,19.6,4.95,24.04,1.4,16.51,23.81,27.17,14.63,14.64,19.76,20.24,3.2,12.94,27.26,9.32,19.72,16.75,19.53,14.49,13.42,11.62,15.14,14.01,9.38,20.02,17.87,21.99,20.46,28.83,11.43,6.68,13.32,22.32,16.66,17.63,13.27,13.73,15,22.21,29.46,12.36,10.23,12.25,18.63,17.76,14.09,15.18,26.17,14.83,21.12,12.86,8.92,10.77,19.24,13.95,23.69,11.74,16.27,13.91,14.31,13.5,16.22,17.12,7.05,28.28,19.55,24.9,15.37,23.47,12.3,11.11,6.27,10.98,29.44,19.05,21.48,23.97,5.89,19.64,16.76,23.58,12.45,10.66,10.28,16.6,8.83,20.27,12.63,28.88,29.8,20.43,17.8,20.4,27.5,15.16,13.76,19.36,23.11,24.57,23.08,12.16,14.35,16.48,20.86,12.54,15.69,16.51,15.39,29.31,22.96,16.35,24.42,5.53,14.54,24.79,15.09,11.35,12.35,24.41,24.71,22.1,9.56,10.67,17.66,10.13,21.8,14.59,26.86,22.11,14.8,11.71,12.81,22.63,23.47,19.97,6.15,9.95,12.67,19.31,28.23,26.59,36.36,17.94,27.93,29.02,12.14,9.14,5.15,24.32,3.74,14.59,12.21,10.48,15.87,19.15,9.31,13.82,4.43,0.57,20.39,28.92,14.12,16.34,11,12.32,2.11,29.39,20.34,26.82,25.03,21.38,26.99,21.15,15.82,17.07,28.31,13.16,18.71,19.12,24.76,11.81,12.97,10.38,21.28,6.25,11.38,17.94,19.15,27.71,24.04,17.91,10.72,18.36,3.4,16.4,14.85,35.47,18.10
Brassica nigra,48.96,30.03,20.96,13.8,61.94,53.86,43.75,39.45,45.57,19.62,30.9,58.9,65.28,20.7,45.57,63.15,30.9,6.73,40.23,6.81,30.73,25.52,71.7,20.79,84.68,71.27,18.01,64.67,48.35,18.23,3.21,26.09,20.75,47.44,58.29,65.06,38.32,54.86,1.22,66.19,52.73,45.18,1,24.48,23.39,45.44,57.86,41.02,35.89,37.41,39.32,0,16.8,58.68,23.87,64.54,24.83,68.01,44.01,65.84,50.52,68.92,44.05,55.16,35.68,56.68,2.99,34.46,31.94,28.17,19.05,34.29,31.34,33.64,2.26,58.12,50.17,63.41,45.83,42.19,37.63,30.99,39.8,61.5,83.85,48.87,44.44,23.78,27.99,58.12,22.66,37.63,46.53,83.94,50,60.81,83.03,3.26,0.04,1.65,0,42.97,23.48,41.36,0,42.27,0,6.21,8.42,0.09,1.26,56.99,51.22,65.71,1.78,68.75,0,38.32,28.43,0.61,0.39,32.51,3.56,74,36.41,58.2,0,0.22,44.31,85.72,54.38,0,0,0.3,4.3,0,24.09,61.11,30.73,91.41,66.97,35.46,0.43,45.83,49.7,72.01,41.15,41.71,45.79,44.18,57.29,43.84,42.88,10.2,67.06,38.24,45.4,31.6,25.3,63.02,48.13,0.17,36.98,63.32,0.22,28.69,53.82,24.31,59.46,61.46,3.69,39.41,0.22,38.02,36.89,53.43,57.64,40.36,47.09,45.75,67.49,64.5,41.28,71.35,48.26,32.47,52.47,44.7,55.12,58.81,56.55,15.84,43.62,5.73,54.34,0.17,2.6,65.89,0,36.46,0,54.9,39.15,33.42,57.38,23.22,43.75,59.94,0.13,41.1,47.79,1.04,39.32,28.65,49.35,33.16,45.1,9.24,56.03,23.39,22.18,67.49,8.38,15.45,59.64,48.22,29.3,2.6,0.56,35.03,41.36,50.65,38.59,50.35,42.32,19.57,65.89,37.07,21.22,42.4,68.14,32.99,53.86,40.84,53.13,39.11,41.45,41.71,31.29,32.2,68.23,32.6,41.84,44.1,35.63,32.94,10.03,12.89,61.72,31.6,11.5,51.13,64.45,53.69,33.64,49.83,29.43,4.82,5.69,17.23,63.24,24,60.11,45.62,2.17,50.61,33.33,69.31,28.3,1.65,9.77,50.43,4.86,59.07,17.32,41.02,52.34,65.28,51.09,38.93,63.85,54.69,44.7,45.83,43.32,44.88,54.51,47.96,45.7,43.19,60.2,35.24,50.74,48.39,51.04,43.53,51.95,55.47,54.51,0,33.16,53.82,30.95,17.84,43.32,51.91,30.69,32.68,4.38,2.04,4.21,2.21,28.08,20.7,37.41,30.51,52.86,42.53,42.97,47.57,32.99,71.31,0.09,8.46,49.91,44.14,77.39,62.93,70.66,36.63,63.41,84.2,30.47,0.22,0,49.83,0.17,49.31,2.34,9.38,41.62,64.41,24.65,7.55,6.99,0,38.15,46.79,51.82,35.16,22.05,22.09,6.08,56.6,34.38,45.14,37.02,25.13,55.3,25.3,42.88,48.83,46.83,37.02,30.38,50.87,59.46,40.76,35.24,31.03,48.09,5.6,21.22,25.78,38.98,56.16,64.5,38.28,37.76,12.02,0.17,35.33,30.86,90.1,38.53
Castanea_sativa_Mill,26.47,20.97,17.62,10.2,33.13,28.35,25.43,19.02,22.72,13.54,23.96,38.35,36.12,12.46,19.15,40.66,23.57,16.04,18.41,8.49,20.56,21.04,29.71,20.97,38.25,29.14,16.86,37.92,26.99,9.13,6.89,19.53,18.95,22.65,39.24,40.53,23.76,32.05,3.84,35.48,31.23,24.47,6.89,17.94,19.65,32.11,37.25,23.74,13.7,23.94,20.41,4.69,12.36,32.77,15.59,31.58,14.64,33.69,20.16,29.38,23.26,34.2,25.16,29.77,14.63,27.71,8.09,24.45,13.67,18.57,18.53,14.53,24.07,14.12,12.03,33.87,27.89,32.65,26.46,18.28,15.89,13.65,28.43,35.31,50.5,26.19,26.14,12.02,18.22,32.42,17.75,23.48,26.22,45.86,27.01,28.23,55.47,7.97,0,13.55,0,30.49,21.59,32.9,0.03,19.94,0.15,12.59,13.06,0.07,4.95,40.39,34.85,42.67,9.64,51.81,0,29.35,21,1.76,4.57,22.64,7.44,49,19.42,40.62,0,3.32,29.77,43.27,34.92,0,0.12,0.75,8.99,0.02,16.06,41.43,24.45,59.24,33.44,14.77,2.05,22.52,27.76,40.9,22.78,18.21,26.41,23.76,27.31,19.7,18.59,9.29,34.97,27.81,28.29,19.43,14.55,39.42,27.51,4.78,20.47,26.35,1.77,17.56,30.78,21.28,30.12,31.4,7.74,21.04,1.06,23.53,28.46,29.9,27.02,23.08,24.67,31.52,32.92,35.25,27.44,38.53,31.43,18.37,29.32,27.34,29.32,28.95,27.94,12.94,25.45,5.55,23.03,1.91,8.6,27.4,1.76,23.3,0,24.6,23.36,24.29,20.86,16.83,22.59,25.54,0.06,18.24,29.05,5.57,23.77,16.83,24.88,21.05,19.07,8.61,21.58,17.96,12.37,29.93,16.46,18.97,28.11,32.53,15.34,7.55,8.05,21.21,23.98,26.41,17.36,18.46,20.55,18.96,34.68,17.77,11.15,17.71,28.44,22.59,20.72,20.38,28.85,20.78,28.34,17.31,13.27,14.57,27.71,19.16,26.18,17.07,16.66,16.17,10.32,11.08,23.91,18.21,9.51,33.68,27.85,26.82,24.16,24.32,13.08,7.59,4.7,16.15,37.55,16.59,32.32,26.74,2.66,27.4,17.16,34.25,18.25,6.63,15.72,24.6,5.52,27.61,16.99,29.23,33.36,29.7,25.19,21.28,35.37,22.13,19.62,24.02,30.23,29.78,27.05,18.3,20.18,22.09,28.98,16.15,23.14,23.07,21.58,30.17,26.76,23.2,29.6,1.81,16.27,31.15,18.42,15.31,16.87,27.61,23.89,24.44,7.42,6.68,14.4,5.83,20.17,12.9,27.61,22.51,21.88,17.52,18.03,30.63,24.12,28.94,2.93,10.2,19.27,29.64,40.69,35.31,46.78,26.01,35.87,42.75,16.55,3.46,1.57,26.97,1.62,20.69,6.57,9.7,23.42,26.7,12.76,9.31,4.47,0.2,24.66,28,20.34,24.49,15.2,18.22,3.36,35.51,19.84,30.62,25.07,21.63,30.7,20.07,21.4,22.73,31.7,17.8,17.67,26.51,32.58,17.11,17.31,14.27,23.56,3.42,10.65,16.18,20.56,32.01,33.23,23.6,15.5,14.78,4.35,24.2,15.41,53.12,21.80
Citrullus lanatus,18.24,18.51,15.05,11.74,20.88,23.25,12.22,3.67,7.01,7.08,6.77,13.95,20.98,4.85,6.11,16.3,6.55,3.26,12.08,5.43,13.76,5.33,12.86,13.42,20.85,16.09,4.66,18.8,11.18,5.4,5.17,5.38,14.59,13.83,15.1,22.39,9.33,12.99,3.23,20.82,17.72,17.25,1.98,10.44,20.47,13.58,15.92,11.85,6.1,19.66,14.79,2.85,3.96,14.14,8.1,18.1,10.64,19.08,12.62,14.91,12.99,21.96,10.17,21.92,8.56,10.95,4.36,6.84,6.09,2.18,4.89,6.97,5.88,3.83,2.88,19.4,13.79,14.37,16.23,6.88,9.32,8.93,9.1,22.36,28.06,17.47,14.84,9.32,11.29,22.95,14.53,9.1,13.32,25.82,12.83,15.53,34.09,6.27,0,19.81,0,10.28,4.99,11.29,0.01,12.74,0.05,4.97,4.04,0.02,14.75,15.87,16.28,18.31,0.71,23.67,0,9.69,5.34,0.52,0.05,4.16,4.14,21.31,11.12,17.45,0,2.63,10.17,23.63,15.65,0,0.5,0.21,4.99,0.03,7.04,23.4,7.5,31.37,14.17,7.77,0.85,15.01,21.86,25.38,9.15,9.4,11.12,14.56,18.62,13.03,9.77,5.54,16.62,9.27,12.22,11.46,5.87,22.57,12.89,2.32,4.97,11.43,1.54,10.16,14.82,5.32,23.76,19.59,4.85,13.3,1.71,9.71,19.03,15.93,16.72,14.28,11.37,19.53,20.28,23.17,7.83,26.01,23.96,11.67,21.11,8.72,16.65,17.48,16.78,5.71,14.42,2.67,12.36,2.12,5.86,13.52,1.79,7.83,0,16.62,10.04,7.02,8.6,13.02,9.5,14.46,0.11,11.51,11.15,3.83,15.67,7.32,11.97,15.01,9.35,3.61,8.63,13.49,7.82,19.89,10.74,5.39,11.48,9.22,9.34,0.14,1.84,7.01,14.7,17.68,6.42,8.81,4.78,5.25,17.19,10.84,6.2,9.14,14.78,16.92,8.66,9.74,11.2,13.12,9.84,8.82,7.23,3.85,12.06,12.85,9.69,5.44,8.78,6.81,4.4,5.7,11.47,9.9,0.7,11.31,12.06,11.6,17.96,13.12,7.01,4.49,1.92,15.51,15.73,8.57,19.13,17.32,2.68,12.7,5.57,17.89,15.02,4.66,12.46,17.38,4.15,17.21,13.15,10.72,12.97,14.46,13.91,10.64,17.96,11.85,7.98,12.74,14.76,15.29,10.51,9.07,9.75,12.36,10.21,9.28,14.05,9.23,6.64,9.35,12.94,9.9,13.7,1.94,7.25,12.79,8.85,5.42,8.06,11.66,6.03,5.48,6.85,4.5,2.82,4.6,6.29,6.13,8.56,5.47,14.2,7.12,7.26,17.76,6.23,16.3,2.53,7.26,9.98,22.97,21.47,17.94,23.49,18.26,17.28,26.34,9.85,2.63,1.97,10.22,1.62,11.97,4.06,4.89,16.61,11.64,9.75,4.97,1.93,0.14,9.75,16.09,12.4,20.31,11.73,15.25,5.69,22.06,7.47,10.28,9.03,5.59,13.89,5.8,8.63,9.32,10.88,5.35,6.43,9.93,14.82,5.09,12.45,7.12,11.91,1.62,5.66,6.47,6.88,15.88,20.25,21.76,8.74,8.62,3.94,24.08,16.01,36.67,11.18
Cucumis melo,21.67,18.94,15.95,11.77,27.81,23.91,14.84,5.45,9.16,11.67,11.78,19.94,27.26,4.4,8.05,23.53,11.72,5.73,12.94,4.76,15.19,10.43,15.69,17.69,24.46,19.58,7.77,24.26,16.67,5.31,7.76,10.14,19.06,15.62,22.05,29.47,14.87,15.47,4.42,25.85,24.72,18.83,3.32,15,21.51,18.43,21.85,16.79,7.93,20.31,15.16,5.72,7.66,20.85,12.96,23.56,10.18,21.83,16.77,16.72,15.22,24.55,15.45,25.28,9.25,13.66,7.16,8.06,8.18,3.93,8.68,8.75,10.03,5.27,5.4,20.7,19.74,21.29,22.94,9.51,10.25,9.34,14.86,25.75,35.45,18.63,21.06,9.74,12.18,24.04,13.57,14.24,19.28,30,18.74,21.78,36.25,8,0,17.12,0,14.29,9.27,16.22,0.11,13.66,0.2,7.15,6.6,0.11,14.28,22.42,22.46,22.93,0.98,30.98,0,14.9,9.02,0.67,0.16,7.25,7.31,26.98,12.57,23.18,0,3.81,16.56,26.14,22.68,0,0.99,0.15,7.28,0.1,11.8,29.94,12.02,37.15,18.31,10.44,0.89,17.31,24.17,32.76,15.02,11.23,17,19.69,21.11,14.98,11.48,9.76,21.4,14.43,17.41,16.5,8.87,30.25,18.82,3.96,8.1,14.37,2.09,15.34,21.35,9.14,26.69,26.59,7.59,16.46,2.4,15.45,25.51,22.28,19.22,17.63,16.97,24.54,24.07,27.22,12.3,29.04,25.15,12.59,22.11,15.18,22.76,20.59,20.2,9.49,20.51,2.77,14.92,2.82,8.35,17.94,2.27,13.52,0,19.33,15.08,12.48,10.93,14.11,14.98,19.02,0.2,12.51,17.22,6.7,17.65,11.75,17.38,15.54,11.94,6.91,11.02,12.78,7.65,22.93,14.49,8.49,17.33,15.38,10.68,0.08,2.79,12.45,16.51,19.61,7.73,11.39,7.7,8.93,24.06,12.52,7.08,10.83,17.48,16.86,10.88,12.23,18.09,14.43,14.31,11.57,8.41,4.99,14.34,13.26,15.49,7.51,13.47,11.17,7.28,9.91,15.1,15.2,0.96,17.84,15.83,18.43,19.09,18.86,8.24,7.48,3.75,14.17,21.96,13.49,22.84,23.55,3.77,16.01,8.72,20.61,16.35,6.05,12.96,18.67,6.54,20.45,14.31,15.8,19,16.26,16.77,17.06,24.54,14.79,10.54,17.9,18.05,21.1,16.26,11.48,12,13.9,13.15,10.66,16.26,13.75,9.56,15.07,18.75,12.4,19.79,3.03,10.82,18.58,11.82,5.19,10.35,17.56,11.26,10.21,8.03,7.02,4.97,6.73,10.96,9.85,13.63,10.28,16.03,9.05,8.93,23.77,10.6,20.4,3.65,8.95,12.56,23.98,24.92,21.53,30.65,19.66,23.12,30.21,11.56,3.96,2.75,16.46,2.1,14.39,6.16,6.18,17.87,15.33,9.9,8.04,1.57,0.23,13.72,21.42,15.23,21.98,11.84,16.2,5.84,30.06,12.78,16.11,14.46,10.19,20.14,10.01,10,13.6,16.85,6.22,11.33,13.1,20.19,6.54,12.42,7.61,17.82,2.15,6.79,11.25,12.01,22.19,24.2,21.79,9.78,11.87,3.87,27.4,12.3,41.37,14.39
Cucumis sativus,18.84,11.33,10.66,6.1,18.44,15.92,15.52,6.93,10.72,12.42,12.61,18.89,21.44,5.7,9.18,22.6,13.26,9.05,11.16,6.23,12.72,12.78,15.23,16.37,20.36,15.41,11.36,21.3,18,6.14,8.72,12.87,16.03,12.86,21.32,26.68,14.7,17.27,8.56,20.16,19.47,14.2,6.68,14.16,13.01,20.97,21,18.92,7.76,12.62,13.03,8.66,9.38,18.5,12.46,18.67,9.46,16.99,13.17,15.42,13.15,17.97,18.19,16.85,8.99,13.68,9.85,11.87,8.16,5.97,11.76,8.84,14.48,5.98,6.67,15.74,17.53,20.19,19.19,9.77,9.48,8,17.13,21.74,29.23,16.51,20.4,6.94,11.73,18.52,13.1,15.65,16.92,24.23,19.87,17.59,28.28,11.28,0.3,17.05,0.18,15.39,12.88,19.31,1.05,12.44,1.49,9.29,8.59,1.33,10.79,22.63,26.22,21.98,3.33,28.43,0.37,16.66,9.16,2.12,1.85,8.43,10.45,24.88,11.64,21.81,0.18,8.12,19.92,21.18,21.7,0.48,2.28,1.34,11.12,2.01,13.86,29.36,13.43,30.03,16.92,10.39,3.61,14.12,15.98,26.33,18.56,11.33,19.39,17.79,15.58,16.75,10.76,10.46,19.14,15.39,19.49,14.12,13.12,25.3,18,4.65,8.14,13.31,4.74,13.3,20.87,10.15,17.22,20.17,8.9,13.19,4.57,15.09,20.77,22.78,15.84,14.51,17,19.78,20.04,19.39,15,21.43,21.03,11.48,18.15,17.93,21.64,17.26,16.46,12.55,17.45,4.82,13.11,6.07,11.89,15.11,5.94,17.68,0.3,14.26,17.8,17.42,10.9,12.36,14.09,15.32,1.27,11.01,18.7,8.37,16.38,11.74,15.44,12.46,11,9.8,11.39,12.3,8.29,17.17,12.99,11.18,15.37,16.95,9.42,1.48,5.64,16.17,14.18,15.64,8.88,11.2,10.18,12.26,22.11,10.61,7.48,10.4,15.07,15.47,10.39,13.18,18.49,12.63,13.15,10.17,7.47,6.95,14.29,11.72,15.85,8.33,11.97,9.89,9.67,10.05,13.16,13.24,2.74,17.88,14.57,18.98,12.82,17.85,8.99,9.38,4.59,9.94,18.53,16.13,18.21,18.26,6.07,12.98,11.97,17.09,11.45,10.6,9.67,13.88,6.31,16.34,10.79,16.77,19.03,15.44,14.94,15.42,20.66,12.39,9.61,16.62,16.44,18.96,15.29,10.21,11.64,14.48,13.62,9.57,14.21,12.19,10.62,17.92,17.1,11.74,18.05,4.64,11.23,16.89,11.64,6.47,10.69,17.28,13.39,10.88,8.66,9.22,7.51,8.31,13.6,10.69,15.55,13.68,12.84,9.09,8.9,18.93,13.62,16.67,6.36,8.65,10.68,17.65,21.77,20.32,26.28,15.53,21.02,24.09,10.07,7.65,5.61,17.61,4.87,12.41,10.53,7.42,13.39,14.32,8.32,11.67,4.09,1.78,14.76,22.98,11.34,13.99,9.84,11.46,2.66,24.12,15.6,15.96,18.43,13.31,19.85,14.61,11.71,12.76,17.01,8.87,14.15,13.55,18.59,7.98,11.33,8.67,16.86,3.84,9.08,13.89,13.25,20.75,19.7,16.48,8.97,15.6,1.26,15.43,17.22,29.96,13.47
Cucurbita maxima,18.73,13.48,10.9,8.07,19.03,16.85,16.27,11.11,13.67,11.16,16.21,23.44,21.8,7.47,11.27,26.35,16.4,11.19,10.7,5.43,12.2,15.33,17.38,16.08,22.7,16.28,12.88,23.43,18.94,5.62,7.18,14.37,14.85,12.99,25.23,26.63,16.61,19.36,5.67,20.22,19.56,14.35,6.02,13.65,15.97,22.79,24.53,18.04,7.78,14.88,12.67,6.62,10.55,21.87,12.29,18.86,9.37,20.27,13.33,17.26,13.1,20.68,18.63,18.23,9,16.32,7.99,14.86,8.04,10.38,13.76,8.51,16.64,8.25,8.79,20.91,18.6,22.03,18.56,10.72,9.49,8.01,19.78,21.32,31.38,15.89,19.04,7.07,11.11,22.41,12.33,17.03,16.38,26.64,19.76,18.7,34.01,9.41,0.07,14.44,0.02,19.52,14.61,22.18,0.2,12.11,0.31,9.59,10.08,0.24,10.7,25.8,25.39,25.41,5.35,32.6,0.09,19.42,12.23,1.37,2.91,12.9,7.97,29.62,11.19,25.38,0.05,5.76,21.47,26.02,24.09,0,1.2,0.79,8.78,0.54,13.12,29.16,16.44,35.92,19.63,9.38,1.94,13.61,16.33,26.19,17.31,10.93,19.58,16.97,15.71,16.77,10.84,8.87,20.77,18.98,20.62,13.84,12.45,25.96,19.3,4.7,12.26,14.99,2.92,14.37,21.42,14.39,17.51,21.21,7.61,13.18,3.02,16.88,20.22,21.73,15.65,14.5,17.47,19.85,19.81,19.47,17.78,22.27,20.96,10.95,18.06,19.49,20.91,17.04,16.52,11.59,17.48,3.92,13.06,3.83,9.48,16.44,3.51,17.87,0,14.55,17.8,18.12,12.09,11.85,15.19,15.09,0.28,10.71,20.65,6.59,15.89,12.43,16.61,12.36,11.04,8.04,12.64,11.51,7.66,17.62,12.51,13.67,17.18,20.8,9.09,4.34,6.29,16,13.6,15.46,10.2,10.95,12.5,13.78,23.65,10.38,6.56,10.06,16.65,15.2,11.99,12.5,19.76,11.95,17.4,10.06,7.31,8.73,16.01,11.3,17.99,10.1,11.48,11.31,9.06,9.46,13.69,13.23,5.86,21.95,16.06,18.8,13.58,17.51,8.14,7.9,3.97,11.88,23.15,13.63,18.35,18.59,4.19,16.49,12.91,20.07,11.38,7.64,9.64,13.89,5.67,16.23,10.29,19.96,22.06,17.55,14.73,15.17,22.77,12.57,11.36,15.65,19.21,19.59,17.33,10.42,12,14.23,17.03,10.01,14.08,13.89,12.71,20.43,18.53,13.57,19.85,3.53,10.31,20.23,12.5,9.08,10.12,18.75,16.53,15.26,7.6,7.17,9.83,6.81,14.84,9.31,18.72,15.87,12.54,9.84,10.47,19.02,16.7,16.53,4.77,8.33,10.85,17.4,24.32,21.65,29.29,15.25,22.85,24.72,9.45,5.49,3.86,18.82,3.12,12.14,7.64,8.12,13.27,15.79,7.93,9.17,3.32,0.7,15.95,21.89,11.48,14.88,9.59,11.63,3.86,23.79,15.33,20.27,18.76,15.43,21.23,15.15,13,13.96,20.9,10.65,13.96,15.94,20.25,10.23,10.85,8.77,16.39,2.65,7.17,13.52,14.21,22.11,19.52,16.74,8.79,13.18,4.28,17.46,12.35,31.69,14.22
Cucurbita pepo,17.82,11.64,9.75,6.73,17.89,15.24,14.77,9.43,12.09,12.43,15.28,20.94,20.31,6.52,10.02,24.17,15.46,10.72,9.82,5.14,11.21,15.01,15.79,15.61,20.49,14.69,12.53,21.54,17.73,5.14,8.62,14.46,16.28,12,23.13,24.98,15.58,17.52,6.97,18.61,18.57,13.05,6.65,13.31,13.89,21.24,22.86,17.83,7.14,12.91,11.23,8.29,10.74,20.48,12.9,17.55,8.45,18.18,12.49,15.5,12.02,18.45,18.51,16.58,8.18,14.86,9.17,13.3,7.37,8.49,13.85,7.83,15.56,7.17,8.52,17.96,17.33,20.69,18.55,9.57,8.65,7.29,19,19.55,28.73,14.72,19.23,6.48,10.24,19.83,10.97,16.75,15.45,24.2,19.07,17.27,29.54,11.19,0.12,14.68,0.12,17.06,14.18,20.34,0.5,11.34,0.87,9.9,10.22,0.62,9.83,23.86,25.2,23.3,4.91,29.63,0.28,18.23,10.92,1.35,2.33,11.72,9.26,26.23,10.36,23.19,0.14,6.83,20.94,22.65,22.66,0.85,2.83,0.7,10.05,1.15,14.08,27.74,15.6,31.98,17.67,10.45,2.22,12.2,14.67,24.68,17.51,10.1,19.13,16.48,14.62,15.4,10.06,10.25,19.17,17.94,20.39,13.97,13.19,24.63,18.91,5.25,11.03,13.47,3.71,13.9,21.12,13,16.31,20.15,8.3,12.57,4.16,16.67,20.11,21.54,14.45,13.54,16.79,18.27,18.45,18.18,16.2,20.02,19.37,10.07,16.49,19.01,20.11,15.63,15.29,12.61,16.59,3.83,11.99,4.74,9.82,14.96,4.37,18.15,0.51,12.97,17.82,18.15,10.97,10.95,14.65,14.79,1.74,9.88,19.97,7.87,14.69,12.48,15.2,11.18,10.12,9.17,11.32,10.53,6.94,15.82,12.5,13.27,15.7,18.67,8.43,3.2,6.56,16.01,12.76,14.26,9.29,10.1,11.21,13.71,22.24,9.63,7.31,9.21,15,13.97,10.82,11.37,18.68,11.06,15.39,9.42,6.8,7.75,14.55,10.58,17.84,8.99,11.86,10.46,9.93,10.24,12.31,12.87,4.82,20.11,14.69,18.62,12.28,17.66,8.85,8.8,4.32,10.81,21.03,14.71,16.8,18.35,5.23,15.04,12.57,18.2,10.21,8.61,8.83,12.91,6.2,15.43,9.78,19.18,20.65,15.82,13.48,14.98,20.91,11.54,10.31,15.36,17.35,18.21,16.53,9.52,10.68,13.08,15.38,9.03,12.81,12.64,11.39,19.28,17.72,12.28,18.49,4.6,10.75,18.66,11.31,7.87,9.17,18.01,15.92,13.46,7.65,8.59,9.84,8.27,14.94,10.43,17.34,15.45,11.46,8.91,9.5,17.58,15.96,15.23,5.56,7.83,9.96,15.63,22.06,19.78,26.7,13.89,20.99,22.48,9.02,6.96,4.94,17.87,3.76,11.22,8.81,8.03,12.41,14.31,7.09,10.35,2.99,0.95,14.69,22.2,10.68,13.41,8.75,10.3,3,23.05,15.82,18.48,18.68,15.2,20.41,14.97,12.06,12.73,19.34,9.62,14.52,14.53,18.61,9.01,9.91,7.7,16.18,3.96,8.01,13.87,13.6,20.95,18.32,15.34,8.08,14.07,3.16,15.6,15.18,28.53,13.41
Fagopyrum esculentum,22.13,6.47,4.87,0.59,19.07,14.53,17.64,10.88,15.16,14.58,17.39,24.89,24.45,7.89,12.17,28.61,18.25,13.32,12.83,7.31,14.16,16.85,19.03,19.15,22.84,17.36,15.11,25.91,21.19,7.05,10.17,17.23,20.38,14.73,27.33,30.28,18.26,22.26,9.27,22.81,22.25,13.42,9.03,15.33,8.28,24.56,27.36,21.55,8.96,8.82,13.07,10.19,11.93,23.35,14.66,21.51,10.66,18.54,15.28,18.4,14.75,19.38,21.98,16.84,10.34,17.98,11.87,17.43,9.64,10.05,17.3,10.14,20.03,8.81,9.6,16.22,19.93,24.36,21.53,11.95,10.6,9.13,22.64,22.64,33.41,18.43,23.33,7.62,13.66,20.4,11.52,20.02,19.05,27.55,22.69,19.65,29.69,13.84,0.18,10.55,0.07,20.33,17.28,24.63,0.6,14.45,0.88,12.78,11.39,1,8.34,29.05,31.2,28.98,6.33,35.89,0.22,22.29,13.14,2.69,3.7,13.86,11.28,31.92,13.36,27.86,0.08,8.82,25.18,23.99,27.7,2.16,5.16,1.63,13.87,1.47,18.19,33.62,18.91,34.49,22.15,14.38,3.49,14.83,13.25,29.4,21.59,13.18,22.81,20.72,15.55,19.19,12.53,12.08,23.24,20.18,24.94,17.07,16.03,28.82,22.01,5.47,12.23,15.84,4.69,15.67,24.54,14.13,17.69,22.98,9.33,15.45,5.87,18.99,23.47,26.06,17.12,16.67,20.32,22.53,22.93,20.97,20.06,21.05,24.5,13.2,19.5,23.05,24.86,19.52,18.02,15.95,19.81,6.23,14.87,6.89,11.54,17.44,6.54,22.46,1.59,13.32,21.85,23.33,13.38,14.05,16.56,17.6,3.58,12.21,23.51,9.03,19.17,14.1,16.88,12.02,12.84,11.28,13.91,13.69,9.2,17.19,14.6,15.97,17.96,22.96,11.13,4.07,9.21,20.17,15.35,16.03,12.43,13.28,13.32,16.72,26.01,11.96,9.9,11.79,15.8,15.17,12.7,14.77,22.68,13.05,16.68,12.12,8.44,9.7,17.72,13.42,19.8,10.49,14.77,11.4,12.27,11.38,15.23,14.82,5.62,23.02,17.99,21.78,11.57,20.67,12.2,10.43,5.27,4.97,24.17,17.78,20.49,19.96,6.92,15.54,15.6,21.3,8.02,10.86,5.96,14.04,7.33,18.47,10.09,22.17,24.4,18.63,17.31,17.9,24.27,14.43,12.17,18.05,20.93,21.8,19.9,11.48,13.67,15.91,18.24,11.09,14.15,14.48,14,23.22,19.92,14.83,21.33,5.4,13.65,21.38,12.98,9.77,12.21,21.53,18.8,15.63,10.2,10.25,11.58,10.14,17.7,13.16,20.72,17.89,13.66,10.86,11.67,20.94,19.06,18.78,6.27,9.18,12.02,15.77,25.87,24.4,32.4,17.14,25.03,25.88,11.77,8.64,5.5,21.5,4.68,12.62,11.36,9.46,13.36,17.21,6.58,13.42,4.63,1.52,18.32,27.03,12.41,9.68,10.89,7.25,0.2,26.55,18.96,21.28,22.21,17.13,24.57,17.47,14.37,14.82,22.85,12.02,17.02,17.04,22.23,10.78,12.62,9.98,19.14,6.72,11.71,15.96,16.75,24.63,20.87,14.89,10.41,17.5,0.36,8.84,18.56,27.88,15.73
Fragaria ananassa,22.5,4.36,3.93,0.31,19.68,12.85,17.92,8.8,13.39,20.88,22.57,23.78,24.76,6.58,11.54,28.48,21.37,13.57,11.97,5.81,13.9,21.85,18.62,20.76,22.01,16.83,21.55,26.89,21.68,6.22,17.36,21.52,26.15,15.07,27.68,31.75,19.9,19.22,17.05,22.85,24.14,11.81,16.48,17.51,5.71,23.95,27.37,24.18,9.25,7.18,11.82,14.91,15.25,23.96,20.86,22.23,10.03,18.02,16.77,17.09,14.77,19.42,24.94,15.05,10.01,16.69,20.03,13.83,9.31,7.82,20.43,10.1,23.16,7.58,12.36,12.24,22.23,25.61,26.42,12.14,10.54,9.25,23.92,21.43,33.37,15.57,26.67,5.99,12.85,18.97,7.76,23.49,20.2,26.33,25.73,21.88,25.07,18.04,1.68,4.75,1.8,18.66,19.43,23.54,2.77,13.39,3.54,20.1,17.85,3.35,3.65,29.26,32.66,27.65,8.81,34.09,2.53,24.19,12.16,1.68,2.83,12.36,18.86,29.85,13.14,28.29,1.77,11.03,27.23,21.18,27.89,6.13,9.16,0.93,20.05,7.61,22.09,34.4,20.57,31.32,21.03,20.11,4.97,13.32,11.3,30.78,28.14,12.95,25.37,25.67,14.49,19.85,12.38,20.47,23.55,21.32,27.94,20.43,21.03,32.48,25.6,9.12,11.02,15.25,11.49,19.07,28.72,14,17.51,26.52,13.76,17,12.91,21.78,28.63,30.59,16.03,17.47,22.11,23.46,21.37,19.89,22.5,19.32,23.81,12.67,17.35,27.29,28.26,19.6,18.04,22.63,21.68,5.44,13.79,13.7,14.39,17.94,14.1,28.01,4.17,12.87,27.55,30.22,13.63,14.01,20.01,20.03,9.09,12.14,24.9,16.89,18.51,17.86,18.68,11.11,13.25,17.38,14.16,12.65,8.73,16.72,17.08,21.11,19.5,21.49,10.89,1.78,15.33,22.75,13.24,14.83,11.01,13.36,12.62,21.94,28.2,11.71,13.64,11.02,15.28,11.25,12.88,14.43,24.22,10.96,16.28,12.64,7.61,9.04,17.26,11.54,22.13,10.24,16.85,13.08,20.35,14.84,15.69,17.18,3.6,22.93,18.29,26.14,9.44,25.13,14.88,17.06,9.41,3.44,23,24.02,20.74,22.7,15.24,14.17,19.29,19.6,5.73,16.82,4.82,13.21,9.64,19.99,7.21,23.67,25.72,17.89,17.04,20.28,25.81,14.61,12.62,24.67,18.93,23.29,21.54,11.96,13.68,13.96,16.91,11.9,13.03,15.51,13.44,24.51,22.6,15.02,23.46,11.39,16.45,21.3,14.07,6.96,12.02,24.14,21.13,14.55,10.95,17.85,11.82,15.92,25.21,20.54,21.13,21.08,12.8,11.1,11.56,22.55,20.3,18.21,9.41,9.93,12.64,13.43,24,24.57,32.05,15.91,25.54,23.73,10.1,11.38,12.51,22.5,10.26,11.72,17.62,11.09,12.17,18.05,4.81,19.63,3.71,6.58,17.86,31.79,11.4,6.95,10.2,4.56,0.06,30.89,28.01,20.88,26.59,23.33,27.6,22.81,14.57,16.28,22.7,10.69,25.43,16.62,23.22,9.89,11.36,9.27,22.95,11.03,13.98,20.97,18.39,26.78,19.6,12.93,10.49,20.35,0.01,6.68,17.18,25.83,16.99
Fragaria moschata,41.94,8.8,5.92,0.48,43,27.45,39.1,20.48,28.87,28.6,33.23,51.96,54.55,14.08,25.98,58.73,32.88,16.24,25.11,10.53,30.18,30.91,42.05,39.21,49.25,40.4,23,59.85,45.15,11.15,16.99,30.24,39,34.46,55.15,69.99,40.33,40.72,9.98,50.84,54.89,25.47,8.3,34.39,9.86,48.87,55.95,43.75,20.71,13.46,24.9,13.6,24.08,52.26,32.59,49.55,20.32,39.1,37.06,37.63,32.49,44.62,43,32.98,21.37,36.02,16.17,26.71,18.39,17.17,26.09,20.93,29.51,18.07,13.32,25.55,50.63,54.69,51.73,28.2,23.87,19.76,41.9,45.11,74.94,31.39,48.43,12.82,26.33,41.41,12.91,39.4,44.28,59.82,48.71,52.44,52.74,17.54,0.02,4.98,0,40.18,27.31,44.25,0.21,27.61,0.37,15.69,16.78,0.21,3.26,56.57,57.79,52.97,3.03,73.86,0.02,38.96,23.25,1.74,0.6,24.12,17.17,60.1,27.68,54.96,0.02,9.24,45.66,47.67,57.76,0,2.39,0.67,16.53,0.18,31.07,70.95,32.03,65.12,47.46,24.61,2.16,28.18,24.21,68.38,42.33,26.42,47.26,44.23,32.61,35.18,26.96,22.59,52.72,40.1,45.98,37.52,26.81,69.73,48.34,9.43,25.22,36.03,4.61,37.13,53.82,27.72,38.96,59.44,17.22,36.64,5.44,41.78,55.4,54.18,34.3,36.57,44.55,53.36,44.64,45.88,35.25,42.97,50.91,26.65,35.98,43.57,53.68,42.81,39.32,26.03,47.56,6.9,29.85,5.92,18.41,42.15,4.89,39.1,0,27.11,41.25,36.67,31.94,29.12,40.73,37.58,0.27,26.21,46.07,15.39,38.71,32.47,43.84,22.68,28.48,18.16,32.56,24.76,17.27,36.23,29.42,24.1,45.56,43.66,22.63,2.78,6.69,37.13,27.97,32.19,23.16,28.21,27.7,25.84,58.93,24.49,17.13,22.97,34.9,21.39,30.98,30.22,49.49,22.1,38.29,27.58,16.14,19.6,38.91,24.22,41.9,24.06,31.58,31.02,18.73,24.28,37.21,36.37,8.09,48.29,41.96,48.8,19.13,46.64,19.9,18.09,10.46,4.45,53.01,32.65,47.49,40.56,8.07,31.58,29.08,44.76,9.1,13.51,8.14,29.03,14.44,40.57,12.87,41.55,48.93,40.47,38.69,40.56,59.92,33.41,30.13,41.02,41.64,51.73,44.07,27.88,30.38,26.69,37.58,25.96,27.43,37.31,30.43,42.03,48.16,34.88,51.76,7.25,27.45,48.61,31.18,13.57,24.97,46.39,32.95,31.3,16.62,15.66,13,15.07,30.36,22.77,37.86,31.26,27.22,26.46,26.74,51.39,32.06,40.17,8.39,18.99,30.29,28.02,53.09,54.62,71.29,35.08,56.09,52.4,20.29,9.49,6.49,46.2,4.59,24.69,14.28,18.21,26.53,40.81,8.41,20,5.04,0.43,38.29,51.94,23.2,13.67,21.39,7.39,0.32,65.7,36.37,44.39,39.6,29.46,51.66,30.38,30.22,37.68,46.27,22.84,33.37,37.33,52.12,22.81,22.63,19.68,43.09,4.84,16,32.79,35.45,55.95,42.17,22.77,23.09,28.96,0,12.57,16.05,55.28,31.51
Fragaria viridis,46.04,14.7,12.49,3.76,42.53,32.26,27.3,8.09,15.91,12.34,12.66,32.09,50.31,6.16,12.38,34.77,14.02,8.75,25.31,13.05,28.62,11.89,26.09,29.98,35.66,29.05,9.06,41.82,28.64,12.08,9,10.81,27,29.5,32.22,49.23,20.07,26.83,5.44,46,43.56,28.71,4.9,24.51,15.48,26.63,33.6,29.37,17.59,19.39,25.42,5.11,6.58,29.82,14.8,41.44,19.87,25.75,26.97,25.34,30.19,30.9,23.18,38.66,17.76,25.75,8.5,15.6,18.45,5.85,11.04,19.96,14.99,5.9,5.13,19.42,30.08,31.53,34.77,18.47,18.25,18.22,22.03,40.79,52.79,35.8,36.49,13.28,27.42,30.55,19.15,19.38,37,43.88,29.42,32.55,43.56,10.32,0.17,9.26,0,23.11,14.6,25.88,0.02,26.57,0.11,7.44,5.59,0.37,4.7,34.2,39.49,35,0.94,49.61,0.02,20.87,15.91,3.87,1.09,9.66,9.4,41.84,27.06,32.16,0.02,5.28,25.57,34.81,36.26,0,0.22,1.66,9.13,0,18.31,53.33,13.88,49.68,31.58,19.69,2.36,31.05,29.82,53.65,24.38,24.8,25.66,32.39,34.15,28.07,23.72,10.87,35.07,19.7,24.49,24.95,12.43,46.18,25.91,4.21,9.07,20.89,3,18.88,30.81,8.56,39.28,34.81,10.84,26.54,1.74,18.36,38.05,35.86,35.51,35.58,27.3,44.49,45.52,45.3,18.39,44.47,51.96,26.71,40.45,24.57,36.85,39.91,38.22,10.87,34.3,9.63,27.39,2.82,12.95,28.37,2.66,19.47,0,30.7,20.66,18.96,20.38,24.72,20.56,29.91,0.08,24.72,24.35,7.62,36.01,13.56,26.19,24.8,25.02,10.52,19.52,24.89,16.19,38.06,23.91,9.72,27.88,25.59,22.86,0.29,3.79,20.59,30.33,33.19,15.65,26.02,15.17,11,33.66,24.32,13.8,21.29,22.1,26.03,15.5,25.66,28.47,26.73,20.61,24.25,16.93,9.69,26.25,25.65,18.07,11.34,22.72,14.93,8.19,14.22,28.28,22.66,0.05,25.37,29.1,27.65,24.57,27.05,17.59,10.78,7.29,10.3,29.71,17.91,40.73,29.25,3.67,16.17,12.43,28.2,15.23,9.55,12,31.3,9.18,36.8,17.45,20.21,25.91,24.38,34.98,28.91,36.51,28.68,13.43,28.91,27.16,37.63,26.85,21.69,23.94,27.09,22.57,18.1,25.49,20.9,17.64,22.01,24.95,21.24,28.68,2.22,21.26,26.25,19.79,8.38,23.31,25.63,14.7,14.14,10.86,8.36,7.07,7.59,12.82,14.82,17.47,13.86,28.76,15.22,14.8,39.02,15.91,37.63,3.51,14.59,22.4,32.15,39.66,39.91,46.4,34.61,34.44,47.24,23.12,5.04,2.36,25.02,2.56,22.95,9.47,7.95,27.79,25.35,12.45,14.36,5.71,0.42,25.39,32.07,27.83,22.86,22.2,14.88,1.34,48.21,17.53,23.84,21.92,11.2,29.1,15.31,16.93,23.01,24.23,11.68,14.19,20.59,35.3,9.1,22.95,14.05,27.05,5.65,14.8,14.56,18.84,32.76,38.86,27.59,21.53,22.94,0.69,22.41,21.53,55.93,22.16
Fragaria_vesca,18.55,6.48,4.19,1.03,16.66,12.18,13.62,9.26,11.66,15.07,19.03,21.88,20.19,6,9.09,25.24,18.39,13.83,10.4,6.04,11.39,17.4,14.77,16.71,17.75,13.71,18.8,20.85,16.82,5.54,11.87,16.92,19.35,12.05,25.05,24.68,15.4,17.4,13.72,18.39,18.7,11.05,14.64,13.06,7.56,20.53,23.48,17.86,7.1,8.61,10.48,10.13,10.73,19.98,13.76,17.77,8.73,15.34,12.65,14.2,12.05,15.63,18.51,14.75,8.35,14.41,15.75,14.59,7.51,9.4,17.28,7.94,21.18,6.52,12.34,13.91,16,19.86,19.24,8.79,8.61,7.52,20.47,18.1,26.95,14.83,20.42,6.38,10.74,16.64,8.85,17.72,15.81,21.92,19.15,15.93,26.57,13.59,0.56,9.02,0.59,17.87,17.22,21.85,3.18,11.8,2.71,19.17,15.52,2.38,6.11,26.95,26.48,27.23,9.84,31.71,1.32,23.38,13.21,2.13,4.69,13.2,13.36,29.35,10.75,26.66,0.57,9.22,22.52,20.29,22.98,4.1,6.55,1.24,17.63,7.38,15.92,27.66,18.95,30.97,17.32,14.7,4.32,11.94,11.15,24.63,20.38,10.35,18.52,19.55,12.49,15.24,9.93,13.97,18.45,18.16,22.13,15.03,14.64,24.08,18.89,7.51,10.59,12.22,9.39,13.23,20.99,13.87,14.93,19.34,9.94,12.76,9.18,15.75,21.02,22.75,13.77,13.7,15.99,18.41,18.38,17.3,20.91,17.52,19.78,10.71,15.77,21.8,21.41,15.63,14.35,16.1,16.63,5.04,12.05,10.19,12.4,13.29,12.18,21.74,2.8,10.87,20.35,24.01,10.1,11.5,13.44,15.51,6.3,9.95,20.02,11.87,15.47,11.74,13.32,9.74,10.2,11.85,10.31,11.13,7.29,14.16,13.73,19.63,14.19,20.45,8.86,3.86,16.52,17.21,12.33,13.07,9.44,10.49,10.06,18.81,21.37,9.61,10.18,9.37,12.09,12.22,9.62,11.49,18.77,10.51,14.76,9.82,6.87,6.95,13.69,11.08,16.86,7.8,12.24,9.11,15.63,10.18,11.7,12.81,4.23,20.17,13.94,18.06,10.4,18.02,11.4,11.23,6.37,4.57,20.72,18.2,16.55,17.69,12.06,12.71,13.89,17.08,6.59,14.12,4.99,11.44,7.18,15.52,8.42,21.04,22.02,14.4,13.78,15.51,19.69,11.53,9.46,17.48,17.73,17.67,16.17,9.27,10.19,12.57,14.72,8.82,11.13,11.24,10.45,21.78,16.28,11.36,17.33,7.51,11.63,17.55,10.07,8.34,9.47,18.2,18.76,14.43,8.8,12.72,12.08,11.15,20.4,14.92,19.48,17.76,11.08,8.09,8.81,17.32,18.28,14.96,7.39,7.76,9.8,12.92,20.54,19.14,26.45,13.71,19.99,20.59,9.48,8.91,9.1,17.16,8.62,9.93,14.57,7.94,10.91,13.25,5.08,14.41,3.36,6.98,14.4,23.02,10.18,8.77,8.48,6.16,0.15,22.81,20.28,18.73,20.66,19.79,21.08,18.15,10.86,11.6,19.8,8.92,17.75,13.17,17.54,7.87,10.14,7.54,16.63,7.54,10.61,13.92,13.28,19.87,16.72,12.1,8.31,15.57,1.98,7.92,16.33,23.6,13.94
Glycine max,31.06,0.86,4.18,0.02,18.11,21.15,28.4,4.87,14.46,11.68,10.52,27.11,31.14,9.32,11.3,28.4,12.23,7.04,22.83,14.38,30.63,8.39,19.29,28.61,25.53,17.29,8.07,37.02,18.72,12.23,8.98,7.13,31.71,28.59,26.52,43.77,17.52,22.12,5.99,34.09,33.1,13.41,3.23,21.7,7.55,23.87,28.31,25.62,13.6,2.51,26.99,7.78,4.7,22.37,12.61,31.63,26.8,20.41,28.72,19.33,21.97,25.11,21.1,18.98,20.45,21.7,7.4,12.42,11.36,3.39,7.61,15.56,12.52,6.33,3.98,3.08,28.51,21.29,32.79,14.51,22.71,20.68,16.78,36.07,42.31,27.6,31.04,4.45,25.22,26.57,20.75,17.6,28.5,33.65,24.1,27.11,35.59,14.49,0.04,22.14,0,21.55,10.75,25.2,0,26.8,0.11,7.97,4.85,0.11,22.5,30.28,33.33,28.42,1.58,41.39,0,18.34,11.3,2.72,0.82,7.97,7.67,29.96,24.44,29.66,0,5.27,19.46,21.8,31.2,0,1.46,2.38,10.8,0,13.49,47.46,13.09,34.51,25.55,18.81,4.72,23.49,11.87,43.2,18.68,19.59,21.53,29.73,23.68,32.85,21.34,8.98,28.93,18,24.96,27.6,11.96,41.32,23.19,2.34,5.99,11.96,1.86,20.14,23.57,6.07,27.66,32.64,8.71,30.25,1.35,14.95,37.85,30.42,25.49,28.93,24.75,44.34,28.29,29.85,14.72,25.17,45.84,25.7,32.19,15.31,33.78,32.95,28.55,10.01,27.6,8.41,17.96,3.31,10.94,22.81,3.08,13.68,0,18.62,19.84,13.98,15.01,29.1,18.38,20.49,0.61,22.35,19.75,5.35,38.37,12.86,20.62,23.85,20.49,7.57,16,34.09,20.41,22.96,22.37,8.24,17.02,15.88,20.94,0.74,2.49,13.51,23.04,21.72,12.36,18.2,8.71,8.88,27.24,20.98,14.65,15.77,14.13,27.07,13.6,24.56,18.15,16.36,20.01,19.04,8.56,7.8,19,23.53,13.32,4.87,20.98,11.47,6.96,10.6,21.3,19.9,0.38,17.29,22.2,19.19,9.63,26.1,18.01,8.5,3.08,9,25,15.69,35.88,16.99,3.56,6.79,10.77,23.17,3.69,9.78,8.67,23.64,6.3,29.94,8.79,21.15,23.87,22.33,29.6,20.96,32.49,21.48,12.52,27.01,29.9,31.23,21.51,19.04,22.69,24.03,18.49,21.32,17.73,18,12.46,17.02,24.18,19.55,25.68,1.79,17.77,23.74,17.31,10.73,18.68,20.77,10.04,10.37,15.33,7.42,5.52,7.82,9.83,12.27,16.74,8.27,20.92,14.36,13.62,37.53,10.14,20.87,3.31,13.87,18.53,27.75,31.71,38.06,41.37,35.53,31.67,31.58,13.96,4.36,1.58,16.89,1.79,12.31,7.74,7.8,22.71,17.2,8.33,9.44,7.42,0.1,21.76,35.55,7.59,4.05,26.23,4.66,0.02,40.63,12.33,18.74,18.57,8.66,24.77,9.95,18.7,18.89,18.68,10.75,10.63,16.15,29.86,8.5,25.28,18.58,23.57,4.45,16,11.51,13.32,30.4,29.79,19.12,19.19,18.72,0,0.88,17.82,32.55,18.28
Gossypium herbaceum,16.57,35,30.38,22.7,27.78,34.69,6.74,3.69,7.03,1.02,1.87,9.7,18.89,4.56,6.08,10.8,1.43,0.29,13.52,4.35,10.51,0.48,15.16,5.52,25.63,19.12,0.33,13.35,6.61,5.66,0.42,1.06,6.78,10.93,9.21,13.25,3.15,12.54,0.12,18.58,10.45,23.84,0.04,4.98,29.96,6.45,10.89,3.88,6.39,34.58,15.3,0.08,0.17,10.43,2.59,15.57,8.42,25.88,8.21,17.67,13.58,27.74,3.92,29.15,7.77,8.81,0.14,5.6,6.61,1.14,0.6,6.7,0.44,3.96,0.14,33.42,6.72,11.84,7.88,4.71,6.53,8.17,2.9,23.51,25.52,19.1,8.21,12.96,10.47,25.92,19.22,3.61,7.01,26.79,5.79,8.6,45.37,0.7,0,19.95,0,4.52,0.89,4.52,0,11.67,0,0.37,0.21,0,9.6,9.08,9.06,17.85,0.08,17.15,0,4.5,4.25,0.42,0,3.44,0.15,19.99,9.77,11.28,0,0.21,3.84,30.23,8.27,0,0,0.08,0.81,0,1.41,13.95,3.03,38.28,12.81,5.12,0.46,17.13,34.07,20.9,1.47,10.2,4.48,8.92,25.63,5.89,8,0.39,14.39,3.34,5.06,6.61,0.62,13.44,6.84,0.12,4.54,14.1,0,2.26,10.45,1.87,30.96,13.6,0.66,9.1,0,4.54,11.69,8.81,19.51,11.74,4.42,10.7,25.73,27.31,3.28,34.19,18.95,8.6,23.24,2.32,9.37,15.49,18.72,0.37,7.2,2.05,13.29,0,0.85,12.67,0,2.4,0,23.37,3.57,1.35,9.14,6.9,5.52,16.32,0,11.24,5.43,0.35,9.5,1.12,4.79,17.67,7.61,0.17,8.58,10.14,5.87,26.39,4.67,0.44,8.77,4,8.42,0,0.23,1.27,17.91,22.1,7.42,8.87,3.57,0.35,13.31,11.71,4.85,10.47,21.71,18.18,9.77,6.1,6.72,18.52,4.02,7.3,8.94,3.36,13.62,12.23,6.14,6.1,5.43,1.7,0.25,0.73,10.39,4.46,0.39,6.63,9.35,7.26,26.54,7.05,6.43,0.29,0.1,27.47,13.02,2.4,16.81,18.7,0.08,18.16,1.29,20.57,30.44,0.54,21.15,24.18,0.6,18.74,18.02,4.91,7.61,15.49,11.2,5.45,10.95,11.4,7.57,7.36,7.77,6.97,6.37,7.46,6.93,11.59,9.08,6.34,19.57,7.3,6.59,3.9,7.44,8.38,8.52,0,4.44,7.96,2.68,5.49,8.04,6.45,0.79,1.14,0.91,0.29,0.6,0.52,1.02,2.74,3.71,0.62,18.41,6.84,7.51,8.23,1.02,20.22,0.02,2.55,9.18,30.06,23.8,11.94,17.23,17.15,13.35,29.92,14.82,0.08,0,5.95,0,18.52,0.33,0.52,20.76,12.48,16.59,0.58,0.99,0,4.11,7.2,20.34,36.43,9.21,28.92,10.43,12.83,1.1,4.06,1.95,0.73,7.46,0.46,6.41,5.76,5.87,4.27,0.6,9.89,9.89,5.66,14.49,5.39,6.63,0.56,4.27,0.66,2.28,8.85,24.32,27.95,8.36,2.65,5.64,44.39,17.33,49.55,9.97
Helianthus annuus,15.91,9.99,8.55,5.02,15.94,14.17,11.1,7.46,9.55,9.46,10.62,15.7,17.55,5.35,7.87,18.28,10.27,6.48,9.03,4.81,9.84,10.29,13.21,11.73,17.33,13.07,8.62,17.54,13.27,4.34,6.49,10.32,13.25,10.66,17.27,19.77,10.94,14.37,5.54,16.39,15.04,11.65,3.88,9.7,11.19,16.67,17.27,12.94,5.96,11.92,10.23,5.19,7.31,15.5,8.99,15.03,7.75,15.64,10.59,12.96,10.67,16.11,13.4,15.14,7.16,12.28,6.49,10.26,6.01,6.06,9.36,6.39,11.14,5.77,5.41,16.15,12.8,15.8,14.55,7.21,7.6,6.53,13.26,16.83,23.64,13.33,14.76,6.2,8.86,17.12,9.86,11.5,11.96,20.79,14.39,13.77,26.11,8.61,0,14.05,0,12.82,8.25,14.5,0.1,10.24,0.14,7.76,7.56,0.04,9.21,17.69,19.71,18.75,3.02,23.73,0,12.93,7.61,1.06,1.46,8.67,5.72,21.89,9.02,18.24,0.01,5.21,15.14,20.48,17.17,0.97,2.95,0.45,7.2,0.66,9.98,22.41,10.78,26.42,14.63,8.85,1.09,11.34,13.25,20.6,12.52,8.51,13.72,13.47,13.09,13.46,8.6,7.36,15.64,12.5,15.63,10.31,9.76,19.61,14.04,3.52,8.29,11.37,2.98,10.49,16.05,9.02,15.24,16.45,5.53,10.91,3.88,11.87,16.14,16.78,12.91,11.4,12.35,15.48,16.55,16.68,11.63,18.34,17.76,9.11,15.39,13.6,16.01,13.68,13.36,8.88,13.13,2.73,10.62,4.05,6.79,12.23,3.77,13.26,0.77,11.95,12.97,12.71,8.83,9.5,9.9,12.35,1.87,8.71,14.45,5.66,12.94,9,11.59,9.93,8.47,6.01,8.94,9.59,5.92,14.41,9.08,9.2,12.25,13.7,7.23,2.05,4.78,10.95,11.36,12.2,7.58,8.48,8.56,9.29,16.88,8.24,6.43,7.93,11.77,12.75,8.86,9.34,13.61,9.96,11.67,7.92,6.02,5.69,12.25,9.84,12.91,7.32,9.2,7.52,6.3,6.77,10.16,9.3,3.58,14.61,12.23,13.32,11.65,13.15,7.68,5.68,2.84,8.44,16.39,10.46,15.04,15.03,4.63,12.52,9.46,15.98,8.95,6.33,7.51,11.64,4.29,13.36,8.99,14.01,15.11,13.26,12,10.78,16.86,10.08,8.42,11.97,14.78,13.86,12.52,8.19,8.63,11.09,12.45,7.11,10.28,9.72,8.96,13.42,13.23,10.01,13.9,3.28,8.51,14.14,8.31,6.43,7.61,13.16,10.63,9.07,6.89,6.25,5.84,6.06,10.19,7.79,12.02,10.85,10.5,7.09,7.73,14.68,11.22,13.46,4.33,6.12,8.79,14.39,19.08,16.37,21.54,12.71,16.36,20.17,7.75,4.63,3.88,12.66,3.05,9.22,5.97,6.17,11.14,11.52,6.27,6.83,2.25,1.24,10.9,17.13,9.76,12.66,8.16,9.38,1.9,18.7,11.35,13.33,13.44,10.54,15.87,9.8,9.58,9.44,13.97,7.63,10.14,11.06,14.56,7.15,9.02,6.46,11.84,3.19,6.41,9.33,9.2,15.71,15.66,14.25,7.08,10.26,2.74,13,18.72,25.38,10.75
Malus domestica,20.19,7.72,5.05,1.56,19.86,13.98,14.83,8.52,11.68,16.26,16.75,20.85,22.34,5.82,10.04,24.71,16.74,10.77,10.42,5.27,11.53,16.32,16.3,17.02,20.28,16.09,13.99,22.97,18.57,5.06,12.07,16.93,20.44,13.03,24.12,26.9,17.02,17.16,9.93,20.45,20.94,12.52,8.92,14.45,8.19,21.12,23.4,19.25,7.91,10.51,10.55,10.19,12.18,21.1,15.73,19.36,8.13,16.73,13.94,15.74,12.84,18.33,20.08,17.05,8.25,14.78,12.74,12.6,7.86,7.24,16.1,8.19,16.78,7.16,9.43,15.25,18.55,22.16,21.76,10.34,8.77,7.52,19.93,19.01,29.9,15,21.91,6.92,10.77,18.38,8.84,18.74,17.24,24.81,21.25,19,25.68,13.98,0.2,11.73,0.25,16.05,14.56,19.47,0.62,11.7,1.24,12.27,11.7,0.88,9.49,24.7,27.52,24.04,4.56,30.68,0.66,18.92,10.64,1.32,1.7,11.63,12.26,26.91,11.3,23.74,0.25,8.65,21.69,22.04,24.16,3.17,5.92,0.55,13.11,2.34,17.51,29.39,16.8,29.9,18.72,13.82,2.26,12.61,13.37,27.23,20.81,10.63,20.28,19.6,14.26,15.56,10.91,14,20.56,17.92,22.54,16,15.93,27.64,21.76,7.04,10.44,14.22,6.11,15.13,23.91,12.81,17.21,22.82,10.49,14.17,7.37,18.11,23.73,24.74,14.91,14.7,18.03,19.91,19.64,19.5,17.04,19.75,21.25,10.6,16.83,21.44,22.95,16.68,15.63,16.35,18.33,3.98,13.08,7.33,10.88,15.39,6.94,20.82,2.16,12.47,20.61,20.77,11.82,11.46,15.8,16.7,4.85,10.12,20.73,11.04,15.47,14.26,16.06,10.12,10.99,11.99,11.99,10.44,6.82,15.96,13.56,15.18,16.88,18.92,8.98,1.61,8.93,18.36,13.2,13.96,9.76,10.97,10.9,15.86,23.67,9.92,9.49,9.91,14.05,12.99,11.45,11.63,20.5,10.97,14.44,10.75,7.38,7.91,15.39,10.96,18.58,9.19,13.54,11.35,12.76,11.57,13.52,14.31,3.81,20.09,16.04,20.73,12.13,20.62,10.94,11.48,6.53,4.05,21.42,17.94,18.3,20.13,8.39,14.01,15.14,18.75,7.18,10.75,5.22,12.69,7.96,16.82,9.56,20.02,21.55,16.07,14.73,16.92,22.5,12.77,11.29,17.97,16.72,19.81,18.01,10.19,10.92,12.47,14.86,9.56,11.7,13.37,11.79,20.13,19.15,13.23,20.16,7.27,12.28,18.74,11.65,6.69,9.65,20.75,17.6,12.94,8.8,11.8,9.17,11.5,17,14.14,17.71,17.01,11.96,9.56,10.14,18.95,17.31,16.61,7.69,8.52,10.89,14.6,21.54,20.9,28.24,14.58,21.71,23.93,9.71,8.98,7.4,18.91,5.75,10.56,11.74,9.41,12.14,15.4,4.97,13.76,2.35,2.4,15.3,24.9,11.87,11.04,9.4,7.19,0.58,26,19.54,18.48,20.32,16.37,22.95,16.36,12.08,13.72,19.79,9.39,17.8,14.51,19.72,8.86,9.8,7.32,18.57,6.89,9.56,15.9,15.01,22.36,18.1,13.88,9.03,16.09,2.03,10.22,19.94,27.05,14.27
Prunus armeniaca,18.21,13.58,10.86,8.08,19.02,16.85,12.5,6.99,9.48,8.24,9.69,15.95,20.4,5.3,8.54,18.68,9.27,4.35,9.96,4.15,11.19,8.71,14.76,12.04,20.25,16.02,6.71,19.63,14.23,4.5,4.99,9.01,12.69,12.63,17.24,22.47,11.56,14.26,3.48,19.3,17.5,13.7,2.57,10.39,14.39,16.08,17.34,14.01,7.23,14.95,11.46,3.52,6.31,16.07,9.67,17.22,8.41,17.39,12.05,15.06,12.55,19.59,13.01,18.41,7.86,12.48,4.78,9.13,6.89,5.24,7.28,7.35,9.18,6.15,3.31,17.07,15.01,17.03,16.34,8.9,8.8,7.34,12.31,19.27,26.96,14.15,15.42,6.93,9.67,20.29,10.23,11.44,13.97,24.3,15.42,16.7,27.79,6.1,0,15.8,0,12.55,7.03,13.33,0.07,10.8,0.13,4.99,4.66,0.05,11.28,17.77,18.69,18.11,0.93,24.22,0,11.54,6.69,0.51,0.24,7.31,4.65,21.5,10.31,17.93,0.01,3.07,13.62,22.7,17.92,0.11,0.95,0.15,4.91,0.11,8.8,23.76,9.42,28,16.14,8.14,0.63,12.56,16.25,23.66,12.71,9.58,14.24,14.31,15.81,14.65,10.26,6.4,17.43,11.78,14.28,10.88,8.32,22.56,14.9,2.63,7.58,13.31,1.93,11.22,16.92,8.28,18.18,19.17,5.08,12.54,2.21,12.54,17.97,17.24,14.91,12.97,13.65,18.3,18.71,20.09,10.84,21.98,20.67,9.96,17.23,13.11,17.18,16.29,15.78,7.07,14.76,2.12,12.1,2.51,5.63,14.81,2.12,11.64,0.05,13.87,12.35,10.38,10.94,10.3,11.44,13.85,0.27,9.9,14.12,4.21,14.2,9.61,14.07,11.36,10.09,4.94,10.81,10.12,6.37,17.05,9.38,6.8,14.58,13.36,8.13,0.61,2.37,10.85,12.62,14.85,7.91,9.88,8.89,7.29,18.98,9.66,6.06,8.99,15.18,14.06,10.36,10.59,14.72,10.78,11.81,9.15,6.69,6.39,14.16,10.24,12.73,8.9,9.79,9.06,4.95,6.55,12.85,10.48,2.56,14.67,14.41,14.6,13.54,14.19,7.24,4.95,3,11.78,16.75,9.47,18.03,16.7,3.07,12.9,9.32,17.27,10.64,4.62,9.13,13.74,4.25,15.75,9.41,12.86,15.04,15.06,13.93,11.94,19.28,12.1,9.77,13.63,14.81,15.97,13.5,9.98,10.2,12.27,12.63,8.36,13.14,11.46,9.9,12.66,14.79,11.76,15.7,2.52,8.76,14.68,9.86,5.14,8.86,14.33,9.22,8.47,6.04,4.91,3.59,4.71,9,7.21,11.03,9.05,11.92,8.45,8.68,17.08,9.99,15.92,2.98,6.41,10.5,16.6,21.01,18.77,23.54,14.37,18.32,23.82,8.36,3.09,2.46,13.86,1.92,11.09,4.46,6.16,13.12,13.81,6.75,5.73,1.78,0.28,11.73,16.93,11.34,14.74,9.8,10.82,3.5,21.73,10.59,13.11,11.78,8.47,16.2,8.53,10.69,11.36,13.8,7.76,9.5,11.96,16.55,7.91,9.55,6.9,13.25,1.74,5.53,8.95,10.01,17.54,18.08,17.28,8.43,8.94,4.05,17.31,16.79,31.19,11.36
Prunus cerasus,25.1,9.17,7.08,2.19,25.32,16.78,18.74,13.34,16.77,18.16,23.12,30.17,28.27,7.5,13.97,34.57,24.36,16.18,12.77,5.66,14.31,21.7,21.42,21.71,26.35,20.47,17.82,30.05,24.52,5.71,12.24,21.52,25.56,16.28,34.49,34.24,23.88,22.9,8.87,25.84,26.92,14.7,10.89,18.17,8.44,26.98,32.72,23.96,9.85,12.75,12.28,11.07,15.72,29.43,19.88,24.4,9.4,22.58,17.96,20.27,15.8,24.02,25.18,20.59,9.85,19.99,14.17,18.11,9.77,13.09,21.34,10.14,22.8,10.63,13.83,20.64,24.22,29.42,27.33,13.69,10.61,9.11,27.82,23.65,38.88,17.59,27.09,8.01,13.19,23.57,9.12,24.95,22.09,31.59,26.18,25.03,33.68,14.88,0.22,10.82,0.21,23.64,21.6,27.73,0.57,13.98,1.32,15.02,14.24,0.86,10.15,35.08,33.68,33.27,8.92,42.37,0.81,27.34,17.41,1.42,4.25,18.52,13.09,37.2,13.96,33.42,0.28,8.12,29.21,28.22,33.02,2.82,6.16,0.49,15.07,1.01,20.81,36.91,24.22,41.48,25.7,16.34,2.6,14.96,16.2,34.45,24.52,13.18,26.46,23.25,17.75,18.76,13.27,15.24,26.98,25.7,27.98,20.82,18.1,35.53,28.04,8.26,15.84,18.15,4.86,19.99,29.99,19.72,22.36,29.97,11.57,18.2,6.22,25,29.22,29.79,18.32,18.4,23.89,25.3,24.08,24.37,23.9,23.98,26.25,12.93,19.55,27.58,27.82,20.98,19.95,18.4,23.46,4.77,15.85,6.06,11.44,20.59,5.43,25.09,2.08,15.65,24.74,26.48,15.49,14.23,21.09,21.02,4.29,12.35,28.25,10.94,18.96,18.51,21.28,12.2,13.88,12.71,15.87,12.08,8.05,19.81,17.05,20.41,22.51,27.5,11.3,4.73,11.32,23.35,15.57,17.06,13.05,13.75,15.01,20.92,31.61,12.22,10.97,11.97,17.79,14.17,15.18,14.36,27.69,13.15,20.7,13.76,8.79,10.85,19.88,12.7,25.64,12.43,17.83,15.25,15.15,15,17.47,18.51,6.78,28.74,21.04,26.81,14.12,25.58,13.01,12.36,6.9,4.87,30.49,20.74,22.81,25.31,7.15,19.25,17.77,24.64,8.99,10.26,6.6,15.44,10.02,21.11,10.5,28.09,30.31,20.67,18.38,21.98,29.86,16.17,14.92,21.11,22.67,25.7,24.66,12.78,14.2,14.43,20.7,12.12,14.65,17.81,16.13,27.86,25.35,17.53,26.66,6.96,15.53,26.14,15.16,9.49,12.12,26.85,24.74,20.26,10.27,12.01,15.03,11.76,22.16,15.98,25.36,22.34,14.56,12.43,13.41,24.16,23.36,21.03,6.86,10.45,13.68,17.07,28.07,27.15,38.02,17.46,28.64,29.03,11.74,9.47,6.21,25.45,4.12,13.64,11.82,11.65,14.24,20.22,6,14.63,2.57,0.54,20.1,30.19,15.19,13.49,11.39,8.26,0.43,33.36,22.5,26.71,25.14,21.18,29.39,20.7,15.33,18,28.58,12.4,20.6,19.32,25.85,12.23,11.24,8.89,23.19,7.11,11.24,19.37,20.47,29.63,22.61,16.59,11.24,18.39,1.87,12.97,15.76,33.45,18.17
Prunus domestica,23.02,14.69,11.82,7.02,25.63,20.84,19.81,15.08,17.75,14.98,22.76,31.17,27.72,9.46,14.43,34.53,22.75,15.53,13.49,6.76,14.81,20.65,22.36,20.3,28.57,21.19,17.24,30.14,23.89,6.58,9.44,19.49,21.04,16.55,33.79,33.68,22.28,24.61,6.37,25.71,25.57,17.4,8.33,16.77,14.83,28.31,32.38,22.11,9.64,17.9,14.56,8.1,14.36,28.95,16.84,24.36,10.91,25.76,17.26,21.9,16.45,26.42,23.53,22.67,10.69,21.22,10.11,19.93,9.79,14.61,19.21,10.21,22.5,11.03,13.19,26.25,23.6,28.46,24.45,13.59,11.51,9.85,26.55,25.79,39.62,19.52,24.45,9.04,13.39,26.92,12.61,22.69,20.45,33.98,24.79,24.45,41.83,11.31,0,11.06,0,25.8,19.73,28.71,0.06,14.99,0.2,13.77,13.77,0.12,6.5,34.32,32.68,34.28,8.39,43.29,0,26.42,16.76,1.51,4.59,18.89,9.35,38.98,13.92,34.27,0,6.19,28.34,32.97,31.87,0.46,2.96,0.64,11.44,0.14,17.42,36.95,22.88,46.68,25.78,12.97,1.73,16.44,19.61,33.47,21.51,13.47,24.65,22.02,19.53,19.52,13.33,11.94,27.07,25.67,26.84,18.83,15.4,33.71,25.57,7.1,16.91,19.26,3.05,19.41,27.75,20.48,23.06,28.81,9.48,17.22,3.97,22.82,26.64,27.57,19.6,18.02,22.28,25.01,24.74,25.48,23.82,27.79,26.52,13.55,21.99,25.18,26.62,21.25,20.43,15.25,22.35,4.47,16.53,4.19,10.3,20.81,3.64,22.76,0.22,17.58,22.8,23.71,15.64,14.56,19.75,19.83,1.37,13.14,26.66,8.36,19.45,17.07,21.04,14.64,13.72,9.52,16,13.63,8.79,21.5,15.9,19.6,22.04,27.99,11.2,6.54,9.86,20.52,16.89,18.51,13.47,13.57,15.83,19.03,30.26,12.49,8.73,12.5,20.13,16.81,15.59,14.64,25.54,14.92,23.04,13.01,9.39,11.22,20.87,14.26,24.25,13.13,15.15,15.19,11.79,12.74,17.25,16.99,7.93,29.06,20.91,24.13,17.38,23.1,10.76,9.48,5.24,11.57,30.97,16.95,23.11,24.84,4.97,21.46,16.45,26.17,13.01,8.26,10.45,17.41,8.04,20.67,12.97,27.59,29.42,22.02,18.45,19.54,29.64,16.09,15.2,19.21,24.64,25.01,23.29,13.06,14.77,15.87,22.17,12.84,15.96,17.94,16.35,27.06,24.37,17.54,25.61,4.44,12.79,26.33,15.59,11.7,12.13,24.58,23.2,21.31,9.87,8.84,13.94,8.96,19.86,12.02,25.47,21.06,15.74,12.53,13.81,23.83,22.72,20.92,5.33,9.77,13.79,20.53,30.29,27.54,37.86,18.46,28.94,30.76,12.08,6.34,4.12,24.09,3.2,14.55,8.6,10.95,16.6,20.2,8.84,10.92,3.26,0.32,19.92,27.4,15.07,17.63,11.13,13.19,2.32,30.89,19.82,27.34,23.62,20.84,27.95,19.38,16.13,17.93,28.15,13.92,18.02,20.27,25.84,12.99,12.95,10.41,20.88,3.52,8.28,17.32,18.55,28.33,24.41,19.13,11.14,15.95,4.07,17.75,14.08,38.39,18.20
Prunus persica,20.54,19.18,16.02,10.26,25.89,25.76,16.11,9.66,13.25,7.87,11.03,21.41,26.59,8.62,11.34,23.2,10.44,5.86,15.41,7.57,16.6,9.26,20.66,14.28,28.11,21.56,7.37,25.24,16.82,7.5,4.75,9.17,14.82,18,21.33,28.28,12.38,21.45,2.86,26.75,21.98,20.7,2.43,11.75,20.29,20.14,22.84,15,9.22,21.61,17.45,2.76,5.41,19.6,8.75,23.54,13.14,25.51,15.1,21.16,17.76,26.71,14.88,26.17,11.81,18.26,4.1,14.42,9.5,6.94,8.48,10.5,10.36,8.05,3.69,25.87,17.04,20.52,18.3,9.97,12.76,11.55,13.98,28.1,35.78,22.31,18.1,11.18,14.14,26.23,16.78,12.37,17.53,33.94,16.83,18.12,42.77,5.96,0,21.03,0,15.99,8.2,17.06,0,17.21,0.06,5.56,4.89,0.01,15.51,22.81,23.17,27.44,2.56,32.66,0,15,8.76,1.67,1.25,9.56,3.9,30.77,14.78,24.47,0,2.39,15.61,32.39,21.45,0,0.13,0.8,5.5,0,8.72,29.59,12.36,41.31,21.6,10.64,1.66,18.32,24.65,30.55,12.47,13.68,15.43,16.84,22.82,14.07,13.85,5.15,23.81,14.02,17.04,13.4,8.02,26.68,16.49,1.76,10.57,18.02,1.17,10.84,19.43,9.1,26.57,22.22,4.89,16.03,0.93,13.01,20.4,19.39,21.88,17.5,14.87,23.23,26.96,28.94,12.92,31.5,26.15,14.99,24.8,14.39,20.17,22.47,22.08,6.53,17.55,4.44,17.56,1.5,5.76,18.17,1.27,12.8,0,19.86,13.68,11.31,13.62,14.08,13.06,19.39,0.07,15.18,16.45,3.3,19.67,9.26,14.92,17.98,13.62,4.14,13.63,16.38,10.13,24.51,11.86,7.98,16.84,16.26,12.06,1.83,2.51,11.05,19.5,21.9,12.06,13.46,11.48,7.91,22.64,13.91,8.24,13.21,20.79,21.59,13.36,14.35,16.92,16.95,15.29,12.34,10.2,7.86,19.08,16.92,15.21,10.84,10.95,8.61,4.87,6.41,16.12,11.54,3.98,17.86,18.55,15.75,20.97,15.39,9.74,4.3,2.48,16.54,22.41,9.63,25.15,20.09,2.01,19.14,9.52,25.12,16.73,5.04,14.01,20.91,3.79,22,16.38,15.46,18.05,20.97,18.97,13.5,23.12,16.48,12.57,16.61,21.23,18.84,16.42,13.36,13.73,17.47,18.13,11.45,17.82,13.69,12.6,14.93,16.84,15.06,18.19,1.14,10.47,18.45,11.26,9.75,12.15,15.94,10.04,10.47,6.09,4.14,5.39,4.11,10.26,7.53,13.26,9.48,18.34,10.6,11.61,21.88,11.27,22.12,1.88,7.64,13.9,25.68,29.75,24.91,31.45,21.7,23.71,33.77,13.36,2.37,1.14,15.54,1.13,15.82,4.02,5.94,20.55,17.35,11.27,4.97,3.49,0.11,15.32,18.22,16.38,22.3,12.58,16.66,4.3,25.45,10.51,15.65,13.29,9.49,18.92,8.67,14.4,13.4,16.7,11.03,8.86,16.07,20.93,9.98,15.38,10.37,14.98,2.09,7.78,7.82,10.79,20.27,26.68,23.12,11.52,10.06,4.48,24.07,16.84,43.91,14.82
Prunus_avium,21.66,12.68,10.78,5.32,24.66,18.77,19.51,13.83,16.91,14.54,21.11,29.59,26.89,8.88,14.1,33.33,21.7,14.53,12.83,6.21,14.45,19.63,21.61,19.81,26.98,20.33,16.29,28.94,23.54,6.38,9.18,18.69,18.72,16.12,32.31,33.14,21.79,23.54,6.6,25.22,24.97,16.14,8.45,17.18,12.39,27.88,31.01,21.57,9.79,15.71,13.5,7.73,13.4,27.91,15.77,23.36,10.3,23.33,16.63,20.74,15.99,24.19,22.9,21.02,10.3,20.51,10.5,18.58,9.77,13.37,18.26,10.36,20.72,10.54,11.97,23.65,23.51,28.2,23.75,13.54,10.99,9.42,25.4,24.56,37.95,18.5,23.9,8.38,13.2,24.27,12.29,21.83,20.71,32.12,24.59,23.61,38.22,10.7,0.12,15.31,0.07,23.79,19.18,27.45,0.28,14.26,0.58,12.47,12.78,0.47,11.14,32.81,31.54,32.21,7.3,40.88,0.19,25.09,16.17,1.36,4.11,17.02,10.23,36.79,13.86,31.75,0.12,6.34,26.68,30.97,30.59,0,1.36,0.54,11.1,0.62,16.7,36,21.86,42.73,24.9,11.48,2.03,15.68,17.86,32.75,21.41,13.04,24.1,21.06,18.26,18.15,13.19,11.38,26.26,24.2,25.22,17.38,15.05,32.87,25.04,5.99,15.6,18.46,3.67,17.51,27.39,18.78,21.5,27.18,9.59,16.28,3.65,21.85,25.67,27.11,18.93,17.53,21.51,24.52,23.71,24,22.64,25.98,25.46,12.95,20.39,24.94,25.46,20.5,19.66,14.94,21.97,4.54,16.18,4.35,11.18,20.12,3.98,22.09,0,16.86,21.79,22.75,15.28,14.2,19.52,18.31,0.27,12.5,26.18,8.51,18.79,15.56,20.62,13.83,13.52,10.01,15.81,12.98,8.73,20.05,15.48,18.18,21.65,26.34,11.1,5.56,8.86,20.17,16.79,17.48,12.87,13.3,15.63,18.29,29.48,12.33,7.96,12.17,18.54,17.35,15.08,14.61,25.19,14.19,21.53,12.81,9.23,10.88,20.14,13.34,23.37,12.56,14.37,14.21,12.18,12.18,17.23,16.86,7.43,28.12,20.39,23.88,16.29,22.22,9.52,9.78,5.03,9.3,29.9,17.49,22.68,23.15,5.11,19.66,15.68,24.73,11.37,9,9.95,16.29,7.43,19.67,12.53,25.6,28.39,20.99,18.03,19.6,28.76,15.85,14.45,19.49,22.95,24.79,22.04,12.78,14.63,15.81,21.34,12.35,15.24,17.44,16.06,26.02,23.47,17.14,25.23,4.59,12.65,25.73,15.61,10.73,11.96,24.27,21.63,19.73,8.53,9.19,13.04,8.45,19.7,12.18,23.88,20.6,14.98,12.41,13.32,23.57,21.41,20.46,5.83,10.47,13.55,19.64,29.04,26.69,36.41,18.29,27.62,30.39,11.66,6.87,4.67,23.74,3.91,13.66,9.45,9.87,15.68,19.71,7.92,11.61,3.22,0.73,19.47,25.93,14.74,16.41,11.18,11.07,1.1,30.39,19.54,26.06,23.12,19.86,26.94,19.4,15.3,17.51,27.13,13.19,17.79,19.84,25.09,12.37,12.18,10.12,20.7,3.18,8.18,16.92,17.94,27.58,23.17,17.92,11.02,15.85,3.24,16.02,14.35,36.09,17.41
Prunus_spinosa,20.66,13.22,10.71,5.56,24.37,19.56,16.01,13.01,14.29,12.02,18.29,25.55,24.77,8.16,12.11,28.91,17.92,10.93,11.99,4.9,13.14,15.94,19.27,16.66,25.03,20.14,13.3,25.7,19.14,4.96,7.51,14.98,17.42,14.62,28.05,28.54,17.74,19.86,4.94,23.15,22,16.01,5.1,13.6,13.02,23.22,26.44,17.6,7.81,16.43,13.73,5.22,11.07,24.44,13.91,21.25,9.73,24.3,15,19.38,14.56,25.1,18.47,21.48,8.85,17.33,7.2,14.88,7.29,11.63,14.36,7.92,17.25,9.65,9.56,23.97,19.89,23.82,21.15,11.01,9.99,8.69,20.56,21.98,35.23,16.54,19.49,8.74,10.88,25.16,11.54,17.56,16.97,30.64,20.61,22.41,37.87,8.43,0,13.94,0,21.17,13.88,22.24,0.02,12.6,0.05,10.91,10.94,0.02,11.2,28.11,24.78,28.69,6.01,36.87,0,21.27,12.24,0.64,3.1,15.87,6.69,33.56,11.62,29.45,0,4.39,21.67,29.27,26.2,0,2.02,0.23,7.7,0,12.17,30.86,18.38,39.88,22.08,9.76,0.69,14.95,19.01,29.83,16.6,10.52,19.46,18.53,17.83,17.16,10.79,9.08,23.35,20.53,21.34,14.57,11.96,29.61,21.15,5.68,14.52,17.12,2.15,16.85,22.85,16.98,23.08,27.02,7.28,14.97,3.15,18.53,23.29,22.54,17.21,15.44,17.6,22.02,21.96,23.72,19.06,25.06,24.27,11.62,20.18,19.49,22.39,18.96,17.77,11.1,19.12,2.49,13.89,3.34,7.89,17.96,2.75,17.2,0,16.73,17.91,17,13.27,13.32,15.6,16.19,0.46,11.51,21.46,6.3,16.28,14.19,18.61,13.39,11.23,5.92,13.5,12.05,7.3,19.72,12.38,15.14,19.05,22.38,9.33,4.6,6.96,14.86,14.35,16.73,10.52,10.9,12.51,14.36,25.85,10.57,6.7,10.43,17.28,15.23,13.78,11.54,20.25,12.76,19.59,10.61,7.72,8.57,17.65,12.21,19.64,11.63,11.54,13.1,7.86,9.39,15.24,13.88,6.78,23.72,17.93,19.31,16.56,19.09,7.68,6.97,3.81,8.68,26.56,13.22,20.82,22.03,4.1,19.5,12.85,24.26,12.02,6.08,7.84,16.01,6.44,18.07,11.26,22.61,24.33,19.49,16.01,15.36,26.41,14.04,13.68,15.9,22.57,20.66,18.31,11.27,12.21,12.14,18.51,11.74,13.42,15.1,13.12,21.19,20.94,15.1,21.79,3.57,9.5,22.31,13.47,9.45,9.71,19.74,17.5,16.67,9.04,6.83,9.47,6.64,15.59,8.51,20.26,15.97,14.37,10.51,11.45,21.01,17.63,18.83,4.09,8.65,12,19.71,27.41,23.62,32.78,17.18,24.1,28.44,9.57,4.19,3.41,18.82,2.52,12.12,6.24,9.7,14.87,17.52,8.18,7.34,1.73,0.08,15.19,21.98,13.88,17.5,11.39,11.23,1.9,27.61,15.14,22.03,17.81,16.4,23.28,14.1,12.86,14.71,22.45,10.77,13.74,16.28,21.33,10.87,11.26,8.69,17.04,1.72,5.89,13.2,13.96,23.63,20.17,19.53,9.48,11.27,3.02,16.61,18.11,34.73,15.37
Pyrus communis,20.89,12.7,10.51,5.48,23.36,18.94,14.21,9.1,11.7,12.11,14.6,21.42,24.04,6.59,9.73,24.86,14.4,8.84,12.09,5.84,13.35,13.59,17,16.65,22.32,17.6,10.43,23.41,17.16,5.62,7.9,12.86,18.46,14.45,23.7,27.32,15.35,17.97,5.34,22.64,21.51,15.19,4.68,13.72,12.54,20.82,23.59,16.6,7.84,15.56,12.87,6.63,9.01,21.25,12.67,20.81,10.03,20.33,14.71,16.71,14.29,21.06,16.85,20.63,9.15,15.74,7.87,12.6,7.79,7.36,12.04,8.34,13.64,7,7.52,20.2,17.88,21.34,20.74,9.13,9.98,8.81,17.65,22.42,31.88,17.3,20.23,8.57,11.56,21.71,11.99,15.63,16.87,27.77,18.57,18.9,33.66,9.62,0,16.93,0,16.43,11.27,18.93,0.04,13.22,0.19,9.22,8.5,0.09,12.25,24.33,24.94,25.44,3.89,32.5,0,17.83,10.5,1.21,1.41,11.37,7.48,28.88,12.2,24.86,0,5.02,19.37,25.86,23.46,0.36,2.66,0.46,8.88,0.17,12.6,29.19,14.95,35.3,19.12,10.79,1.35,14.67,17.97,28.91,15.41,11.06,17.87,18.15,17.51,16.24,11.26,9.64,20.96,17.3,19.44,15.53,10.41,27.42,19.38,4.76,11,14.84,2.75,14.52,21.22,12.37,21.57,23.82,7.73,14.98,3.43,16.65,23.24,21.61,17.28,15.45,16.38,21.61,22.03,23.27,15.01,24.08,24.01,11.85,20.19,17.6,21.25,18.39,17.62,10.51,18.46,3.54,14.19,3.7,8.22,15.93,3.26,15.97,0.11,15.57,16.38,15.38,11.37,13,14.28,16.56,1.31,11.49,19.27,6.77,16.68,11.95,15.32,13.24,11.24,7.48,11.4,12.44,7.62,18.87,13.26,11.85,16.21,18.09,9.82,2.05,5.5,13.85,15.35,16.23,9.55,11.09,10.17,11.74,23.25,10.99,7.59,10.54,14.95,16.14,11.33,11.9,18.42,13.1,15.57,10.65,7.99,6.76,15.66,13.03,17.87,8.91,12.54,10.2,8.06,9.88,13.58,13.73,3.86,20.1,16.02,18.18,16.21,18.26,8.97,7.24,3.84,9.88,22.56,13.68,20.5,20.88,4.35,16.61,11.06,21.15,11.57,7.06,9.64,15.69,6.41,18,12.35,18.97,20.59,16.93,15.81,15.78,22.8,13.65,11.28,16.38,19.39,19.14,16.96,10.88,11.16,13.48,15.73,9.7,13.35,12.99,11.13,17.83,18.32,12.97,19.23,3.8,10.43,19.17,10.96,7.98,9.69,17.95,14.37,12.41,8.41,7.57,8.33,7.37,13.6,10.34,16.33,13.46,14.11,9.12,9.94,20.59,14.47,18.18,4.63,8.32,11.73,19.35,24.83,21.32,29.6,17.43,21.88,27.28,10.71,5.32,3.6,17.1,2.72,11.99,6.94,7.39,15.33,14.94,7.86,8.46,2.33,0.39,14.2,21.47,13.2,16.44,11.09,11.48,1.47,26.6,13.87,18.35,16.54,13.31,20.9,11.88,11.89,12.63,19.17,9.14,12.37,14.3,19.31,8.48,11.74,7.92,16.62,3.06,7.14,11.69,12.35,21.59,21.11,18.97,9.36,12.75,2.89,15.65,18.06,33.76,14.13
Ribes nigrum,21.75,1.76,0.7,0.03,15.4,9.07,16.8,11.73,14.95,20.58,25.91,26.64,21.9,6.81,12.41,31.03,24.05,16.36,10.15,5.29,12.38,24.03,18.08,19.91,20.86,14.77,25.8,26.22,21.96,4.57,16.41,23.65,23.32,13.59,30.63,30.05,21.29,20.17,19.12,20.21,23.31,8.47,25.93,16.41,2.05,25.2,29.07,22.99,8.28,3.52,9.56,12.76,16.13,26.26,20.03,19.76,7.89,16.64,15.46,15.98,12.39,17.9,24.66,12.65,8.29,17.48,21.19,16.51,8.08,11.89,23.41,8.87,25.8,9.57,14.77,11.71,21.44,25.78,25.14,12.38,8.87,7.65,26.28,17.53,31.95,13.19,25.25,3.52,11.49,18.09,4.17,24.63,19.85,23.77,25.85,21.79,22.6,16.58,2.1,2.29,2.34,21.08,21.84,25.62,9.45,11.37,3.57,26.67,21.06,9.49,1.6,31.55,32.92,30.88,14.04,37.12,2.81,28.79,15.46,1.73,5.76,16.11,18.44,31.6,11.93,31.23,2.13,10.93,28.57,19.74,29.79,5.8,8.76,0.7,21.89,13.56,21.81,34.19,23.61,30.72,22.47,19.16,3.96,11.76,7.93,28.22,27.61,10.91,24.67,23.83,12.47,17.65,10.95,19.83,23.18,23.29,28.06,18.35,20.45,31.43,26.36,9.4,13.9,14.44,15.05,18.42,28.34,17.71,14.44,25.8,13.04,15.57,13.81,22.68,27.12,29.82,13.11,15.59,21.27,21.73,17.12,16.96,26.56,15.53,21.74,11.28,14.07,29.58,26.4,17.64,16.23,22.87,20.48,4.93,11.85,14.67,15.45,17.88,19.4,29.42,3.89,10.48,26.95,31.7,13.48,12.54,19.08,17.61,8.93,10.43,26.67,17.39,16.7,17.21,18.84,8.28,11.74,16.23,14.08,10.28,6.91,13.41,14.77,25.57,19.31,25.24,9.87,4.75,23.25,23.69,10.9,12.05,11.74,12.12,13.54,24.52,27.25,10.21,12.45,9.18,13.79,7.68,13.24,12.45,25.04,8.58,18.04,11.91,6.27,9.83,16.84,9.77,22.71,10.01,15.87,13.59,24.14,13.68,15.23,16.23,6.28,25.35,18.28,24.75,5.43,23.77,13.28,15.72,9.42,1.01,26.36,24.41,18.47,19.8,18.85,14.02,18.95,19.25,1.8,18.9,3.08,10.68,9.6,17.9,4.4,25.98,28.36,17.15,15.94,19.7,25.94,13.41,12.74,23.03,19.67,23.15,22.22,10.77,12.72,11.11,18.26,10.95,10.57,15.72,14.37,27.1,22.48,15.43,23.32,11.15,15.11,22.94,13.78,8.11,10.37,25.31,24.53,17.99,9.92,17.93,14.39,15.02,29.99,19.89,23.71,24.17,9.92,10.77,11.88,20.5,23.65,15.54,9.72,9.54,11.44,9.94,22.93,23.81,32.57,13.31,24.68,19.43,8.88,11.51,15.6,22.94,14.48,9.61,19.02,11.24,9.63,16.88,2.71,19.36,2.37,10.32,18.61,29.53,9.01,3.63,8.78,2.17,0.03,29.29,30.05,23.67,27.05,27.32,28.18,26.33,13.57,15.97,25.61,11.22,26.01,17.11,22.87,10.82,8.62,7.93,21.61,10.12,12.34,20.6,18.9,26.29,17.21,7.57,9.65,19.25,0,3.12,11.79,20.74,16.85
Ribes rubrum,25.46,6.64,5.66,0.55,24.74,16.73,23.57,13.88,18.99,21.13,26.45,34.28,30.32,9.21,15.54,39.65,28.98,21.44,15.97,9.61,18.03,25.54,23.6,26.96,27.86,20.94,23.88,33.38,28.56,8.88,15.42,25.51,27.25,18.29,39.56,40.07,26.79,27.76,14.32,28.28,29.68,15.68,17.22,21.4,9,32.93,38.24,28.87,11.33,9.75,15.63,15.12,17.9,31.95,21.4,27.31,12.34,23.4,19.84,22.51,18.32,24.22,30,20.93,12.61,22.54,20.28,23.43,11.84,14.6,26.77,13.01,29.77,11.17,17.44,19,27.11,32.63,29.85,15.5,12.95,11.28,33.36,27.24,42.56,21.74,32.76,8.02,17.3,23.18,11.99,29.42,26.25,33.47,32.12,26.22,35.96,18.34,2.43,9.56,1.94,27.84,28.88,35.06,2.03,17.32,4.19,20.22,17.51,4.41,4.58,42.61,43.26,41.09,13.95,48.99,3.38,34.71,20.37,4.06,8.46,19.05,19.46,43.67,17.18,40.77,1.98,14.31,36.57,27.73,37.43,1.81,5.11,2.57,22.83,4.02,25.43,44.67,30.02,45.75,27.99,17.23,8.47,18.23,15.5,38.05,30.96,16.73,31.52,28.27,18.45,20.78,15.19,18.64,29.91,28.6,33.28,24.36,21.99,37.74,30.89,9.68,16.51,19.15,9.28,21.19,33.79,21.18,22.1,30.85,16.05,19.33,8.4,26.76,32.11,36.35,20.87,21.09,26.59,28.62,27.46,25.26,29.92,24.9,29.19,16.76,21.87,33.25,33.46,24.63,21.96,23.68,26.88,8.94,18.11,10.57,18.89,21.7,10.05,31.39,0.85,16.19,30.85,35.03,16.96,18.14,23.53,21.72,3.98,15.63,33.13,14.54,23.78,19.37,22.68,14.69,16.16,16.91,17.88,16.78,11.82,21.19,21.91,26.15,24.01,32.64,14.05,6.3,16.5,28.88,18.51,19.72,15.9,16.95,17.09,27.17,35.25,14.68,11.4,14.53,19.16,15.83,16.12,18.76,31.86,16.3,22.68,15.82,10.32,12.69,22.04,15.88,27.51,13.11,18.95,16.05,20.37,17.03,19.2,20.74,7.07,31.9,22.91,30.74,13.39,28.7,13.55,16.21,8.77,3.39,32.72,27.73,24.96,25.23,10.45,18.97,21.11,25.57,8.58,17.35,7.92,16.91,10.97,22.39,11.99,33.01,34.73,22.71,21.71,25.49,31.89,18,15.78,24.66,26.17,29.8,26.23,14.27,17.45,17.98,23.44,15.33,17.09,19.15,17.78,34.62,27.22,18.88,29,8.32,16.39,28.22,18.08,11.68,15.62,29.99,28.83,22.88,13.46,16.24,18.98,14.69,28.61,19.62,30.83,27.29,17.13,13.63,14.72,27.08,27.24,23.26,10.24,12.83,15.07,18.85,30.89,31.28,42.01,20.69,32.77,30.6,14.69,14.29,9.29,29.47,9.77,15.45,20.04,12.56,16.04,22.35,7.66,20.66,6,3.13,24.93,35.36,15.29,11.23,12.19,8.2,0.11,35.67,27.35,29.71,32.69,26.24,33.09,27.35,17.36,19.92,32.34,15.18,25.15,22.16,29.35,13.34,14.97,12.38,25.92,7.85,13.62,24.42,23.03,32.81,25.26,14.29,13.46,25.33,0.29,10.68,11.48,33.69,21.10
Rubus chamaemorus,3.2,0,0.22,0,4.59,0.05,3.29,0.13,0.98,26.4,27.11,7.74,3.95,0.03,0.41,15.55,27.05,18.13,0.21,0.83,0.33,26.54,0.34,13.44,0.6,0.25,35.13,4.76,8.78,0.34,26.5,26.52,23.83,0.09,20.95,10.9,14.56,1.8,33.57,1.86,7.46,0.08,47.64,12.25,0.01,13.17,13.9,16.77,0.22,0.04,0.41,25.61,17.34,11.78,22.92,3.43,0.24,1.31,3.84,0.08,0.07,0.34,19.77,0.03,0.41,0.49,38.53,4.75,0.21,3.24,26.39,0.26,28.2,0.11,21.57,0.07,9.23,11.35,18.42,1.45,0.26,0.07,20.71,3.37,8.27,0.69,19.61,0,0.57,0.17,1.08,22.44,7.12,1.56,16.16,7.22,2.47,22.64,11.81,0.79,14.69,6.48,27.19,16.15,26.41,0.52,15.82,41.04,28.73,42.61,0.28,23.21,21.57,22.71,30.37,13.48,21.31,32.87,12.5,0.89,13.34,5.4,33.91,17.67,0.3,26.65,11.43,18.86,23.11,0.19,13.42,11.81,15.86,0.34,41.37,33.24,23.25,13.72,27.95,10.32,1.19,18.57,19.14,0.48,0.07,9.35,28.69,0.53,18.13,19.6,0.04,3.5,0.29,31.46,3.99,15.59,22.6,14.11,22.52,15.2,18.62,15.66,3.12,0.26,28.71,12.5,19.1,11.52,0.12,11.86,21.13,3.82,25.63,17.29,18.95,23.28,0.15,2.54,11.59,3.7,0.5,0.04,24.22,0.11,0.22,0.13,0.11,27.06,18.01,0.65,0.52,30.94,9.01,3.6,0.22,26.87,21.2,1.69,38.7,31.32,8.33,0.16,28.28,39.14,0.09,3.41,12.84,9.56,17.68,0.08,19.67,29.57,1.03,15.69,6.43,0.34,0.61,25.27,0.33,1.2,0.67,0.01,13.85,33.88,4.46,11.81,0.13,0.01,42.65,20.57,0.19,0.04,0.17,0.2,0.95,31.89,13.41,0.16,12.06,0.22,0.2,0.15,0.54,2.25,13.69,0.44,5.13,1.04,0.08,0.28,0.09,0,17.15,0.01,8.64,5.49,38.2,16.07,0.53,10.65,0.01,11.41,0.48,19.93,0.08,19.24,10.1,24.75,14.09,0.01,8.36,31.44,0.36,16.68,33.73,2.76,16.78,0.49,0.6,30,0.16,0.01,12.08,4.97,0.21,21.03,19.56,0.34,0.24,13.86,6.86,0.2,1.69,20.72,5.21,8.31,9.5,0.19,0.85,0.54,0.85,3.03,0.98,3.72,0.66,23,12.25,0.38,9.69,21.53,10.3,7.94,4.25,0.13,1.1,16.48,22.91,9.21,8.45,30.8,17.01,24.1,42.85,30.53,18.95,23.18,0.09,0.77,0.4,5.67,17.89,0.3,14.68,5.91,0.85,0.12,0.89,1.55,8.95,0.79,7.54,0.48,0.86,19.61,28.7,12.17,29.85,0.67,32.61,10.16,0.12,1.3,0.37,28.29,0.93,19.46,5.66,25.08,0.07,0,0,0.04,0,14.76,35.72,10.67,26.62,33.3,17.87,30.15,3.69,4.32,13.28,0.26,32.46,3.19,5.04,0.29,0.82,1.14,17.3,15.32,11.88,22.85,12.8,13.83,2.13,0.21,0.37,20.45,0,0,0.07,0.29,11.08
Rubus_idaeus,19.2,3.92,2.99,0.08,15.8,10.69,15.93,10.25,13.38,16.58,21.74,23.69,20.69,6.87,10.79,27.2,20.97,15.15,10.42,6.38,11.88,20.01,16.44,17.82,18.9,14.3,22.3,22.97,19.25,5.8,13.14,19.44,20.22,12.35,26.76,27.11,17.63,19.09,16.44,18.52,19.85,10.14,19.76,14.04,5.58,22.77,25.89,20.51,7.49,5.65,10.47,11.62,13.13,22.17,15.98,18.21,8.85,16.01,13.31,15.22,12.16,16.36,21.39,13.61,8.6,15.93,17.73,16.23,7.86,10.48,20.04,8.51,23.64,7.94,12.9,12.7,18.33,22.28,20.61,10.61,8.88,7.65,23.06,18.02,28.72,14.55,22.03,5.34,11.41,16.93,8.17,20.56,17.16,22.69,21.98,18.01,24.48,14.63,0.64,8.11,0.64,19.59,19.56,23.97,7.72,11.88,3.42,21.9,17.78,5.79,5.02,28.93,29.54,28.46,11.63,33.42,1.34,25.73,13.52,2.48,5,14.28,15.6,29.57,11.21,28.07,0.58,10.2,25.38,19.16,25.73,4.44,6.88,1.53,19.68,11.65,18.19,30.48,20.89,30.48,19.36,16.02,4.96,11.99,9.79,25.29,23.59,10.91,21.59,20.79,11.96,16.34,10.26,15.84,20.4,20.24,24.82,16.21,17.27,26.16,21.49,7.9,12.1,13.07,12.03,15.35,23.66,15.19,14.21,21.36,11.14,13.44,10.86,18.45,22.44,25.55,13.55,14.3,18.54,19.29,18.42,16.75,23.28,16.27,20.34,11.2,15.27,25.06,23.58,16.21,14.71,18.97,17.74,5.6,11.92,12.17,14.07,15.05,16.21,25.16,2.93,10.32,23.47,27.78,11.71,12.03,16.03,15.78,6.9,10.26,22.95,13.93,16.29,14.32,15.56,9.39,10.75,13.35,12.17,11.5,7.74,13.89,14.33,21.89,16.43,22.45,9.38,4.51,19.26,20.24,12.06,12.96,10.82,11.23,12.02,21.29,23.92,9.86,10.81,9.42,13,11.34,11.14,12.44,21.44,10.31,16.16,10.36,6.66,8.67,15.22,10.95,19.26,9.32,13.31,11.18,19.43,11.34,13.06,13.75,5.5,22.12,15.69,20.91,8.44,20.02,11.83,12.98,7.56,2.92,22.45,20.87,16.75,17.97,14.87,13.23,16.25,17.76,4.98,16.8,4.69,10.98,8.08,15.83,7.65,22.87,24.44,15.68,14.49,16.71,22.01,12.08,10.97,19.44,18.59,19.87,18.75,9.7,11.75,12.7,16.45,10.3,11.23,13.22,12.3,24.12,18.68,13.05,19.65,8.67,12.97,19.73,12.15,8.29,10.22,20.81,20.84,16,9.14,14.54,12.95,12.21,24.92,16.13,21.29,20.25,10.88,9.37,10.24,18.12,20.29,15.1,8.18,8.35,10.15,11.99,21.54,21.31,28.7,13.6,22.28,20.36,9.48,10.06,12.2,19.88,11.18,10.01,16.8,9.5,10.36,15.14,4.58,16.4,3.91,8.6,16.86,25.89,9.63,6.69,8.42,4.95,0.05,24.28,24.42,20.68,23.68,23.01,23.6,22.09,12.72,13.73,22.16,10.61,21.18,15.21,19.93,9.38,9.99,8.58,18.39,8.39,11.66,16.91,16.05,22.52,16.72,10.42,8.73,17.31,0.18,6.09,15,21.87,15.16
Sinapis alba,25.45,18.48,15.04,10.38,29.61,24.29,23.51,16.96,20.56,17.57,27.02,36.26,31.98,11.01,16.95,40.9,27.89,18.76,15.13,6.84,17.45,24.34,25.81,24.33,33.45,24.24,20.27,35.39,27.47,7.67,11.01,22.69,25.45,19.2,40.56,39.36,26.67,27.97,7.37,29.67,29.67,20.89,10.41,19.85,19.39,31.93,38.45,25.9,11.4,20.52,17.24,10.29,16.72,34.23,20.2,28.38,12.54,30.49,20.67,25.52,18.94,30.63,27.69,25.49,12.61,24.49,13.01,22.46,11.65,17.05,22.48,12.15,26.13,12.63,16.05,29.64,28.27,33.24,29.29,15.85,13.54,11.49,31.58,30.25,46.9,22.09,28.63,10.33,15.5,32.06,14.54,27.17,24.33,39.71,28.68,28.43,48.66,13.05,0.21,9.55,0.23,29.81,24.84,33.8,0.38,16.74,1.23,16.14,15.86,0.73,4.89,41.64,36.86,39.77,11,50.3,0.66,32.13,20.45,1.45,5.48,22.02,12.5,45.07,15.84,40.62,0.27,7.03,33.25,37.17,37.23,0.59,3.17,0.75,14.39,0.6,20.18,41.56,27.72,54.71,29.63,15.12,3.3,18.42,23.48,38.57,25.4,15.48,29.37,25.61,22.54,22.12,15.5,14.19,31.05,30.38,30.87,23.53,17.92,40.12,30.33,8.06,19.67,22.24,3.8,22.84,32.39,23.61,26.41,33.57,11.53,20.47,4.16,27.37,31.72,31.98,22.54,21.28,26.57,29.35,28.32,28.69,28.33,31.96,29.97,15.27,25.04,30.18,31.02,24.78,23.97,18.13,26.28,5.38,18.96,4.58,12.03,24.45,4.26,26.74,0.23,20.82,26.92,28.43,17.96,16.82,24.32,23.85,1.52,15.29,31.84,9.81,22.05,19.94,25.07,17.36,16.11,12.1,18.67,15.05,10.42,25.12,19.39,22.89,25.84,32.38,12.93,7.3,11.73,24.17,18.87,22.33,15.12,15.71,18.52,22.8,36.22,14.82,10.35,14.54,24.74,17.92,18.06,17.29,30.61,16.86,26.81,15.2,10.59,13.13,23.69,15.7,28.89,15.07,18.16,17.68,14.89,15.4,20.08,21.08,8.93,34.26,23.85,28.93,19.25,27.72,12.89,11.76,6.31,15.55,36.37,21.05,26.86,28.72,5.48,25.36,19.06,30.23,16.18,9.71,12.46,20.21,9.26,24.5,13.95,32.21,35.18,26.01,20.98,23.67,34.93,18.54,17.62,23.05,27.76,29.25,27.62,15.52,17.51,18.77,25.65,15.19,20.38,21.05,19.02,32.39,28.47,20.47,30.43,5.22,15.74,31.21,18.17,13.55,14.42,29.03,27.75,25.14,10.51,10.9,17.23,10.29,24.2,14.91,30.23,24.82,17.99,14.65,15.83,28.11,25.88,24.27,6.11,11.34,16.2,23.71,35.65,31.9,44.92,21.17,34.54,35.36,13.53,7.83,4.69,28.42,3.57,17.78,11.02,12,19.08,23.82,10.92,13.43,3.9,0.35,23.19,32.14,17.01,19.26,12.84,15.19,4.78,36.47,23.33,32.01,28.26,24.37,32.5,23.36,19.09,21.07,33.44,15.69,21.53,24.01,29.97,15.1,14.57,12.25,25.11,4.45,10.52,20.57,22.35,33.76,28.49,22.09,12.85,18.5,4.22,22.29,14.03,45.22,21.15
Solanum melongena,10.09,39.89,31.4,25.04,27.06,31.53,1.04,3.27,2.97,0.08,0.78,5.13,14.44,3.54,3.27,6.38,0.21,0.06,8.95,1.55,3.31,0.13,11.75,0.91,20.7,16.5,0.08,6.55,5.68,3.52,0.04,0.61,1.1,4.64,4.58,6.87,0.45,9.61,0.04,12.64,4.94,24.7,0,0.34,35.35,4.81,6.91,0.91,1.63,39.27,8.84,0,0,6.13,1.76,10.67,1.95,21.29,2.01,14.82,9.35,22.41,0.85,26.53,3.03,3.39,0,5.77,4.18,0.32,0.23,2.46,0.11,1.99,0.04,37.07,1.06,9.25,1.44,0.68,1.51,2.71,1.42,18.02,19.72,14.99,2.59,15.59,3.52,22.43,16.73,0.45,1.61,21.69,1.93,4.73,42.6,0,0,15.84,0,1.46,0.06,1.29,0,6.13,0,0.04,0,0,3.24,4.83,3.75,13.95,0,10.77,0,2.16,0.25,0.59,0,0.81,0,17.75,3.05,7.36,0,0.02,2.21,29.5,2.86,0,0,0.04,0.23,0,0.42,5.64,1.57,35.96,7.29,0.74,0.23,11.2,35.16,14.31,0.57,6.04,2.52,3.86,19.95,1.12,2.44,0.15,9.35,0.4,1.42,0.55,0.04,5.47,1.74,0.06,3.5,13.66,0,0.11,6.19,1.57,26.44,7.91,0.28,1.25,0,2.42,2.88,3.97,15.14,5.49,0.45,1.53,21.9,22.41,0.66,31.49,11.32,3.73,17.56,1.06,4.41,8.82,12.17,0.06,3.99,0.59,10.05,0,0.45,7.59,0,1.78,0,18.38,1.61,0.59,5.83,1.4,1.63,13.06,0,7.25,2.59,0.17,1.87,0.25,1.78,12.77,2.59,0.02,4.88,1.78,1.48,21.5,2.01,0.17,6.91,2.8,2.57,0,0.08,0.59,13.04,18.49,4.73,5.05,2.37,0.08,10.58,6.4,1.02,6.96,20.4,14.46,6.38,1.27,5.77,16.88,0.78,2.29,9.08,1.1,10.18,7.89,5.26,7.49,0.38,0.19,0.04,0.11,6.06,0.38,0.17,5.68,4.77,5.98,30.15,2.25,1,0.02,0.15,29.41,8.52,0.51,8.1,18.87,0,18.74,0.23,15.25,32.04,0.19,21.5,19.23,0.25,11.45,18.21,1.19,3.14,11.92,4.37,1.38,5.87,6.42,4.62,1.25,3.12,1.25,1.55,2.71,1.51,7.57,5.81,1.55,16.79,1.84,3.03,2.57,2.37,2.91,3.48,0,0.47,3.63,0.38,3.52,3.29,2.25,0.06,0.28,0.04,0.06,0.23,0.19,0.49,0.28,1.21,0.08,14.27,2.25,2.84,1.74,0.47,17.01,0,0.04,5.39,24.51,17.81,4.79,10.67,8.88,9.14,24.79,11.49,0,0,5.22,0,16.71,0.15,0.17,15.84,9.71,16.9,0.06,0.49,0,0.66,1.76,20.76,40.44,1.63,29.43,10.98,5.77,0.25,1.36,0.45,0.32,3.33,0.11,2.14,1.74,3.05,2.23,0.08,6.28,4.64,3.82,8.8,1.59,2.35,0.04,0.47,0.06,0.87,3.54,17.92,28.22,2.33,1.02,8.59,50.4,16.35,47.2,7.22
Vaccinium corymbosum,53.83,8.32,1.33,0,32.52,49.39,45.73,6.33,29.97,19.53,10.99,49.94,47.72,17.76,23.31,48.95,14.1,11.21,55.83,42.95,63.15,6.1,42.29,44.62,51.72,39.07,9.43,46.61,37.29,38.85,16.76,7.55,51.17,44.28,48.72,74.81,28.75,62.15,7.88,65.04,57.16,43.17,5.99,48.39,7.66,37.51,46.61,39.96,37.74,8.44,49.5,2.33,0,26.97,4.66,64.37,47.84,15.43,34.96,40.29,58.38,22.09,34.3,45.17,37.85,53.5,13.54,25.64,51.72,2.55,11.32,51.05,18.09,11.1,6.22,9.77,47.95,43.95,38.96,25.08,28.41,45.06,26.64,64.93,58.27,57.05,55.16,8.99,52.72,13.98,39.96,24.97,54.5,51.61,32.63,27.3,58.82,25.31,0.11,17.09,0,30.52,19.42,37.62,0,58.93,0,11.1,4.44,0.33,15.54,53.61,67.59,56.05,2.22,65.04,0,30.08,16.43,6.88,0.44,6.77,13.21,55.49,70.14,45.73,0,2.66,27.41,46.39,43.17,0,0.78,3.44,19.2,0,26.3,68.48,21.42,63.37,46.39,40.62,7.77,61.82,44.06,70.26,28.97,50.5,26.64,50.83,64.37,24.42,45.28,8.1,58.6,28.97,35.85,33.07,21.64,60.16,38.4,0.55,2.77,33.96,0.89,5.22,47.39,4.33,35.96,28.75,19.2,49.61,0.67,10.65,56.6,49.17,60.04,58.16,30.85,63.6,64.26,52.39,17.98,58.82,56.38,50.39,53.5,23.64,52.61,51.5,62.71,15.76,37.74,27.19,51.94,3,22.31,40.07,2.22,19.98,0,49.83,21.64,21.98,33.3,50.94,30.63,53.94,0,45.84,28.75,8.55,59.93,10.99,27.86,48.06,39.4,13.87,33.85,63.71,50.72,56.6,39.84,12.32,9.43,26.86,59.16,1.33,3,24.08,71.7,62.26,36.96,43.95,28.52,16.76,40.18,65.15,27.97,49.39,42.4,58.93,27.52,49.61,32.52,55.27,35.18,46.17,42.29,20.98,49.5,57.6,26.19,3,17.87,4.99,13.1,20.42,44.95,28.63,0,37.96,45.62,38.62,19.53,40.29,40.73,16.32,2.89,1.33,42.18,26.97,67.81,17.98,4,1.33,16.43,34.18,9.77,24.64,26.64,55.16,8.44,61.6,27.19,28.63,34.18,36.29,58.38,38.73,44.73,40.73,14.65,50.83,44.4,58.27,31.3,36.96,52.39,72.25,36.51,38.62,43.29,23.53,33.07,27.41,31.63,37.51,45.73,0.67,27.64,35.85,32.74,32.08,40.29,34.96,13.76,11.76,21.31,13.65,5.66,14.21,12.54,27.19,25.42,7.1,55.83,37.51,32.96,62.15,18.09,51.94,5.99,38.96,39.18,73.81,58.71,64.59,60.27,70.48,48.39,63.82,60.04,7.33,0.22,29.97,1,31.74,16.43,18.42,61.15,29.3,28.97,21.98,17.31,0.33,28.97,42.29,30.97,14.87,27.3,6.22,0,59.16,19.98,32.52,37.62,9.99,43.06,21.86,33.3,35.52,32.08,24.31,11.88,33.85,56.16,12.65,63.6,37.96,39.4,17.76,38.85,9.99,24.08,41.18,73.58,18.2,46.39,36.85,0,14.21,33.74,59.38,33.67
Vaccinium oxycoccus,10.4,0,1.8,0,15.29,3.58,17.56,1.69,7.98,40.6,33.22,24.94,15.79,2.05,4.56,35.91,34.93,26.86,7.92,6.25,12.05,35.06,6.54,33.97,8.38,4.94,37.51,19.28,26.57,5.4,36.53,35.61,35.75,6.25,36.7,35.5,29.97,14.7,40.22,15.07,24.25,3.24,35.5,30.17,3.07,33.59,32.32,36.55,3.04,0.44,8.62,32.81,25.54,26.75,29.21,18.68,7.03,6.4,15.45,4.38,6.25,5.78,38.99,2.85,6.94,8.6,44.66,12.01,4.94,4.09,35.41,6.63,39.89,1.54,25.08,1.47,27.64,28.99,35.95,7.98,7.07,5.13,36.84,18.68,28.75,9.23,40.09,0.24,9.14,3.02,8.14,35.9,23.54,12.4,37.8,22.48,16.45,37.24,5.16,6.85,5.8,22.72,34.88,36.9,16.25,10.03,14.29,43.15,33.57,14.63,2.6,40.15,47.69,35.99,19.28,35.04,6.92,41.97,15.45,4.33,11.07,9.31,42.35,31.62,7.92,42.64,4.11,30.17,43.13,6.63,33.42,5.56,10.51,3.38,48.31,24.08,38.62,38.62,35.57,28.34,9.52,19.7,19.92,8.91,3.16,30.72,45.78,8.56,37.31,35.61,5.69,15.89,5.98,39.93,17.03,31.08,43.57,26.79,34.82,34.35,35.68,18.41,7.2,4.25,28.46,24.66,38.93,20.92,6.76,26.77,31.41,14.41,24.26,30.1,36.62,45.66,7.87,13.7,29.04,19.47,10.52,6.58,34.33,5.51,9.2,8.52,6.71,39.75,40.4,10.89,9.34,43.42,27.06,9.34,5.53,30.41,40.26,11.18,35.82,47.02,3.04,5.6,44.73,49.45,4.05,18.99,25.01,15.9,9.58,6.8,36.48,36.51,14.83,25.95,21.63,7.89,6.8,33.62,6.07,12.32,9.16,6.27,28.23,39.46,12.9,27.95,7.98,0.78,32.48,36.99,7.72,6.56,4.78,6.54,6.11,39.99,32.7,7.8,11.4,4.58,4.13,5.93,5.11,14.19,30.23,7.18,19.76,8.94,2.51,3.45,4.96,5.4,29.93,1.07,17.03,15.61,37.31,28.48,8.09,26.83,0.42,28.32,8.25,35.17,2.4,36.44,11.32,33.86,14.7,1.49,23.74,51.87,10.25,29.04,32.01,6.69,26.26,5.91,4,42.22,5.11,5.2,18.77,12.36,5.51,37.55,36.68,5.93,8.72,29.7,24.43,4.2,6.96,31.35,22.99,26.43,19.27,5.25,10.74,9.25,9.85,12.45,6.47,12.81,5.38,38.7,28.9,6.76,27.17,21.08,15.78,24.14,16.96,3.56,8.89,32.01,34.06,19.83,23.25,40.31,22.08,33.68,44,32.53,35.42,34.55,7.54,6.16,5.18,25.17,30.57,7.38,24.72,18.43,7.25,8.81,11.98,16.18,29.88,11.41,26.83,9.09,8.23,28.68,27.94,28.7,33.15,5.45,45.95,19.76,6.71,7.45,5.14,40.79,6.07,17.19,20.81,46.58,1.51,0.31,1.73,2.74,0,33.95,45.66,27.5,47.04,41.35,35.55,43.02,9.92,15.29,29.66,4.71,41.48,11.63,21.17,3,9.72,8.27,32.97,14.3,17.67,36.75,24.01,33.13,13.79,3.54,4.53,40.19,0,0,3,9.52,20.00
Vaccinium_myrtillus,19.65,4.85,2.68,0.23,17.5,10.58,14.39,11.4,13.42,19.22,25.53,25.5,21.75,5.85,10.51,30.07,25.12,17.63,8.99,4.54,10.35,23.77,16.18,18,19.02,14.94,25.43,23.23,19.24,3.61,15.61,22.67,21.47,11.5,30.85,26.34,19.31,18.35,18.38,18.48,20.36,9.66,24.41,14.49,5.16,23.82,27,20.53,6.69,6.79,8.62,12.88,14.93,24.27,19.16,17.96,6.87,16.78,13.98,14.93,10.84,17.38,22.48,14.16,7.36,15.22,21.5,16.15,6.6,13.19,22.41,7.09,26.23,8.29,16.76,14.27,18.69,23.33,23.2,10.29,7.83,6.32,25.19,16.81,29.79,13.17,23.02,5.8,10.12,18.3,5.06,22.86,17.4,22.97,23.19,19.28,25.12,15.68,4.79,2.92,5.2,20.62,23.69,25.82,9.69,9.98,6.65,27.4,21.35,11.44,0.9,32.3,29.5,32.81,18.14,35.98,6.11,30.36,17.71,1.81,9.64,16.09,18.04,34.59,9.59,33.75,4.44,11.14,27.62,20.48,26.93,5.82,8.34,0.77,23.16,14.53,19.52,30.26,24.96,33.22,19.52,17.19,7.68,10.98,9.97,25.54,25.46,9.6,22.8,22.02,11,16.28,9.12,19.09,20.46,22.22,25.82,16.9,18.69,28.08,23.65,9.78,13.18,13.49,14.81,16.97,25.53,18.06,15.23,23.28,12.2,13.8,12.98,20.97,24.57,27.18,12.02,13.66,18.9,18.5,17.63,17.19,26.92,16.48,19.8,9.73,14.3,27.68,23.99,15.65,14.21,21.22,18.44,4.66,11.19,14.09,15.11,15.66,18.99,27.71,3.95,9.87,25.21,31.09,11.33,10.72,17.03,16.53,8.54,9.08,25.03,16.62,14.57,15.54,16.46,7.81,10.05,15.47,11.77,8.86,5.63,13.39,13.94,26.76,17.88,24.83,8,5.38,24.43,21.52,9.76,11.69,9.46,10.39,11.73,25.03,25.24,8.21,11.19,8.12,12.55,7.07,11.48,11.02,22.83,8.6,16.93,10.1,5.61,8.03,14.56,8.86,21.17,9.68,14.58,12.04,22.68,12.66,12.85,14.67,5.82,23.66,15.37,22.53,8.71,21.52,11.87,14.89,8.84,2.1,24.6,23.65,15.82,19.58,17.75,14.76,17.12,18.63,5.21,17.84,2.75,9.8,8.85,15.88,5.82,25.68,27.4,15.31,13.81,17.85,23.16,11.73,11.3,20.71,18.7,19.98,19.98,9.12,10.6,9.66,16.32,9.53,10.53,13.89,12.02,27.03,20.08,12.93,20.46,10.44,13.55,20.65,11.57,7.82,9.15,22.44,24.13,18.07,8.84,16.88,16,14.11,29.35,19.3,23.82,23.86,9.85,8.88,9.89,17.89,22.48,15.37,8.98,8.1,10.03,9.96,21.17,20.22,29.88,12.06,22.46,19.56,8.24,11.82,14.17,20.43,14.88,9.49,18.69,9.48,8.32,14.91,3.15,18.06,2.1,10.21,16.68,27.22,10.27,7.21,7.49,4.63,0.1,26.28,27.28,22.16,25.37,26.95,25.32,25.18,11.75,13.48,24.02,9.65,24.11,14.91,19.66,9.54,7.73,6.68,19.33,9.17,11.16,19.09,16.86,23.67,15.31,9.79,8.01,17.79,0.5,6.74,6.69,22.4,15.92
Vicia faba,22.61,16.43,13.18,9.84,23.3,20.33,18.23,13.39,16.32,11.85,18.5,27.17,26.44,8.59,13.31,29.81,18.42,12.09,12.45,5.95,13.92,17.22,20.88,17.81,27.27,19.87,13.72,27.82,21.28,5.96,6.6,16.34,16.95,15.48,28.53,30.43,18.64,22.51,4.15,24.25,23.25,17.13,6.02,14.2,18.22,24.58,28.53,19.84,9.08,18.1,13.94,5.51,11.59,25.88,14.03,22.34,10.15,24.53,15.86,20.54,15.24,25.29,20.26,22.87,9.89,19.61,7.44,17.4,9.15,12.22,15.62,9.61,18.3,10.14,9.36,25.45,21.28,25.35,21.22,12.87,10.68,9.07,22.25,24.45,36.82,18.42,21.22,8.54,12.78,27.18,12.26,19.21,18.9,31.95,21.73,22.01,39.46,7.83,0.01,11.41,0,22.01,16.2,24.09,0.09,13.77,0.16,9.77,10.4,0.11,5.86,29.54,27.91,30.23,6.1,37.99,0.01,21.98,14.5,1.29,3.14,15.3,7.11,34.4,12.96,29.25,0.01,4.25,23.53,31.34,28.19,0.25,1.23,0.45,8.55,0.13,14.26,32.88,18.55,42.21,23.8,11.12,1.41,15.66,19.92,30.48,18.54,12.64,21.37,18.83,19.06,18.49,12.87,9.39,25.01,21.21,22.67,16.43,12.26,30.25,22.16,4.67,15.15,18.13,2.13,16.96,24.52,16.2,21.79,25.05,7.44,15.87,2.44,19.76,23.26,23.89,18.39,17.07,20.05,23.44,23.65,24.22,19.77,26.88,25.31,12.51,21.38,22.39,23.15,20.2,20.03,11.88,19.8,4.16,15.38,2.77,7.98,20.15,2.33,19.5,0.07,17.08,19.42,19.55,14.73,12.92,17.81,18.48,0.41,12.34,23.31,6.13,18.11,14.37,19.25,13.99,12.9,7.6,14.98,12.35,7.97,21.21,14.07,14.97,20.58,23.74,10.59,4.89,6.73,17.87,15.69,18.2,12.37,12.83,14.71,14.79,26.8,12.1,7.85,11.57,19.9,15.85,14.55,13.76,22.78,13.91,20.32,12.04,8.67,10.41,19.41,13.12,20.83,12.24,14.25,13.47,9.37,10.03,16.32,14.92,7.1,24.77,19.54,21,16.37,19.44,9.26,7.26,4.47,13.92,27.35,13.81,21.87,22.22,3.37,20.21,13.9,24.25,13.18,6.14,11.58,16.6,6.05,19.9,12.27,22.46,24.94,20.89,17.32,17.54,26.99,15.19,13.84,17.38,22.57,22.58,21.85,12.33,13.73,15.23,20.26,11.26,16.23,16.78,15.24,22.8,21.22,16.43,22.52,2.94,12.2,23.64,13.76,10.3,11.39,21.67,18.88,17.72,7.11,6.7,10.7,6.35,16.85,10.37,20.67,17.46,14.59,11.71,12.75,21.75,19.09,19.85,3.44,7.84,12.99,19.87,28.85,25.36,34.32,17.25,26.58,29.18,11.45,4.4,2.7,21.4,2.02,14.24,6.59,8.57,15.83,18.77,8.64,8.87,2.78,0.22,18.54,23.35,14.3,17.93,10.83,13.89,4.64,27.36,16.55,23.25,19.78,16.96,23.87,15.88,15.38,16.46,24.06,12.68,15.14,19,24.07,12.32,11.85,9.51,18.42,2.72,7.46,14.4,16.79,25.37,23.53,19.33,10.46,13.34,5.5,21.66,12.6,38.39,16.19
